,row_id,date,hour,NO2,SO2,PM2.5,PM10,O3,CO,SO2_Daily,PM2.5_Daily,PM10_Daily,O3_Daily,CO_Daily
0,0,2017-09-22,14,50.0,23.333333333333332,25.666666666666668,72.66666666666667,33.625,0.6366666666666666,18.553333333333335,25.099999999999998,70.72333333333333,48.685,1.0866666666666667
1,1,2017-09-22,15,52.5,26.333333333333332,22.333333333333332,66.0,38.0,0.6633333333333333,18.553333333333335,25.099999999999998,70.72333333333333,48.685,1.0866666666666667
2,2,2017-09-22,15,52.5,26.333333333333332,22.333333333333332,66.0,38.0,0.6633333333333333,18.553333333333335,25.099999999999998,70.72333333333333,48.685,1.0866666666666667
3,3,2017-09-22,16,58.0,24.666666666666668,27.0,75.33333333333333,41.75,0.6566666666666666,18.553333333333335,25.099999999999998,70.72333333333333,48.685,1.0866666666666667
4,4,2017-09-22,16,58.0,24.666666666666668,27.0,75.33333333333333,41.75,0.6566666666666666,18.553333333333335,25.099999999999998,70.72333333333333,48.685,1.0866666666666667
5,5,2017-09-22,17,42.0,24.333333333333332,27.666666666666668,80.0,46.75,0.6433333333333334,18.553333333333335,25.099999999999998,70.72333333333333,48.685,1.0866666666666667
6,6,2017-09-22,17,42.0,24.333333333333332,27.666666666666668,80.0,46.75,0.6433333333333334,18.553333333333335,25.099999999999998,70.72333333333333,48.685,1.0866666666666667
7,7,2017-09-22,18,75.5,22.666666666666668,28.0,78.66666666666667,48.370000000000005,0.6366666666666667,18.553333333333335,25.099999999999998,70.72333333333333,48.685,1.0866666666666667
8,8,2017-09-22,19,94.0,24.333333333333332,34.666666666666664,117.33333333333333,46.935,0.6733333333333333,18.553333333333335,25.099999999999998,70.72333333333333,48.685,1.0866666666666667
9,9,2017-09-23,11,57.5,17.0,31.666666666666668,78.66666666666667,32.87,0.4466666666666666,18.136666666666667,25.080000000000002,65.10333333333334,62.685,0.8133333333333335
10,10,2017-09-23,12,40.0,18.0,28.333333333333332,77.0,33.31,0.4833333333333334,18.136666666666667,25.080000000000002,65.10333333333334,62.685,0.8133333333333335
11,11,2017-09-23,13,48.5,18.333333333333332,26.666666666666668,78.0,35.69,0.5133333333333333,18.136666666666667,25.080000000000002,65.10333333333334,62.685,0.8133333333333335
12,12,2017-09-23,13,48.5,18.333333333333332,26.666666666666668,78.0,35.69,0.5133333333333333,18.136666666666667,25.080000000000002,65.10333333333334,62.685,0.8133333333333335
13,13,2017-09-23,13,48.5,18.333333333333332,26.666666666666668,78.0,35.69,0.5133333333333333,18.136666666666667,25.080000000000002,65.10333333333334,62.685,0.8133333333333335
14,14,2017-09-23,13,48.5,18.333333333333332,26.666666666666668,78.0,35.69,0.5133333333333333,18.136666666666667,25.080000000000002,65.10333333333334,62.685,0.8133333333333335
15,15,2017-09-23,13,48.5,18.333333333333332,26.666666666666668,78.0,35.69,0.5133333333333333,18.136666666666667,25.080000000000002,65.10333333333334,62.685,0.8133333333333335
16,16,2017-09-23,14,43.5,19.0,25.333333333333332,72.66666666666667,38.065,0.5499999999999999,18.136666666666667,25.080000000000002,65.10333333333334,62.685,0.8133333333333335
17,17,2017-09-23,14,43.5,19.0,25.333333333333332,72.66666666666667,38.065,0.5499999999999999,18.136666666666667,25.080000000000002,65.10333333333334,62.685,0.8133333333333335
18,18,2017-09-23,14,43.5,19.0,25.333333333333332,72.66666666666667,38.065,0.5499999999999999,18.136666666666667,25.080000000000002,65.10333333333334,62.685,0.8133333333333335
19,19,2017-09-23,14,43.5,19.0,25.333333333333332,72.66666666666667,38.065,0.5499999999999999,18.136666666666667,25.080000000000002,65.10333333333334,62.685,0.8133333333333335
20,20,2017-09-23,14,43.5,19.0,25.333333333333332,72.66666666666667,38.065,0.5499999999999999,18.136666666666667,25.080000000000002,65.10333333333334,62.685,0.8133333333333335
21,21,2017-09-23,14,43.5,19.0,25.333333333333332,72.66666666666667,38.065,0.5499999999999999,18.136666666666667,25.080000000000002,65.10333333333334,62.685,0.8133333333333335
22,22,2017-09-23,15,56.5,24.333333333333332,20.666666666666668,60.0,42.19,0.5733333333333334,18.136666666666667,25.080000000000002,65.10333333333334,62.685,0.8133333333333335
23,23,2017-09-23,15,56.5,24.333333333333332,20.666666666666668,60.0,42.19,0.5733333333333334,18.136666666666667,25.080000000000002,65.10333333333334,62.685,0.8133333333333335
24,24,2017-09-23,15,56.5,24.333333333333332,20.666666666666668,60.0,42.19,0.5733333333333334,18.136666666666667,25.080000000000002,65.10333333333334,62.685,0.8133333333333335
25,25,2017-09-23,15,56.5,24.333333333333332,20.666666666666668,60.0,42.19,0.5733333333333334,18.136666666666667,25.080000000000002,65.10333333333334,62.685,0.8133333333333335
26,26,2017-09-23,15,56.5,24.333333333333332,20.666666666666668,60.0,42.19,0.5733333333333334,18.136666666666667,25.080000000000002,65.10333333333334,62.685,0.8133333333333335
27,27,2017-09-23,15,56.5,24.333333333333332,20.666666666666668,60.0,42.19,0.5733333333333334,18.136666666666667,25.080000000000002,65.10333333333334,62.685,0.8133333333333335
28,28,2017-09-23,15,56.5,24.333333333333332,20.666666666666668,60.0,42.19,0.5733333333333334,18.136666666666667,25.080000000000002,65.10333333333334,62.685,0.8133333333333335
29,29,2017-09-23,15,56.5,24.333333333333332,20.666666666666668,60.0,42.19,0.5733333333333334,18.136666666666667,25.080000000000002,65.10333333333334,62.685,0.8133333333333335
30,30,2017-09-23,15,56.5,24.333333333333332,20.666666666666668,60.0,42.19,0.5733333333333334,18.136666666666667,25.080000000000002,65.10333333333334,62.685,0.8133333333333335
31,31,2017-09-23,16,42.5,20.333333333333332,22.333333333333332,60.333333333333336,47.065,0.5866666666666667,18.136666666666667,25.080000000000002,65.10333333333334,62.685,0.8133333333333335
32,32,2017-09-23,16,42.5,20.333333333333332,22.333333333333332,60.333333333333336,47.065,0.5866666666666667,18.136666666666667,25.080000000000002,65.10333333333334,62.685,0.8133333333333335
33,33,2017-09-23,16,42.5,20.333333333333332,22.333333333333332,60.333333333333336,47.065,0.5866666666666667,18.136666666666667,25.080000000000002,65.10333333333334,62.685,0.8133333333333335
34,34,2017-09-23,16,42.5,20.333333333333332,22.333333333333332,60.333333333333336,47.065,0.5866666666666667,18.136666666666667,25.080000000000002,65.10333333333334,62.685,0.8133333333333335
35,35,2017-09-23,16,42.5,20.333333333333332,22.333333333333332,60.333333333333336,47.065,0.5866666666666667,18.136666666666667,25.080000000000002,65.10333333333334,62.685,0.8133333333333335
36,36,2017-09-23,17,36.0,25.666666666666668,22.0,56.666666666666664,50.629999999999995,0.6,18.136666666666667,25.080000000000002,65.10333333333334,62.685,0.8133333333333335
37,37,2017-09-23,17,36.0,25.666666666666668,22.0,56.666666666666664,50.629999999999995,0.6,18.136666666666667,25.080000000000002,65.10333333333334,62.685,0.8133333333333335
38,38,2017-09-23,17,36.0,25.666666666666668,22.0,56.666666666666664,50.629999999999995,0.6,18.136666666666667,25.080000000000002,65.10333333333334,62.685,0.8133333333333335
39,39,2017-09-23,17,36.0,25.666666666666668,22.0,56.666666666666664,50.629999999999995,0.6,18.136666666666667,25.080000000000002,65.10333333333334,62.685,0.8133333333333335
40,40,2017-09-23,17,36.0,25.666666666666668,22.0,56.666666666666664,50.629999999999995,0.6,18.136666666666667,25.080000000000002,65.10333333333334,62.685,0.8133333333333335
41,41,2017-09-23,17,36.0,25.666666666666668,22.0,56.666666666666664,50.629999999999995,0.6,18.136666666666667,25.080000000000002,65.10333333333334,62.685,0.8133333333333335
42,42,2017-09-23,17,36.0,25.666666666666668,22.0,56.666666666666664,50.629999999999995,0.6,18.136666666666667,25.080000000000002,65.10333333333334,62.685,0.8133333333333335
43,43,2017-09-23,18,46.0,19.0,24.0,65.66666666666667,54.375,0.59,18.136666666666667,25.080000000000002,65.10333333333334,62.685,0.8133333333333335
44,44,2017-09-23,18,46.0,19.0,24.0,65.66666666666667,54.375,0.59,18.136666666666667,25.080000000000002,65.10333333333334,62.685,0.8133333333333335
45,45,2017-09-23,18,46.0,19.0,24.0,65.66666666666667,54.375,0.59,18.136666666666667,25.080000000000002,65.10333333333334,62.685,0.8133333333333335
46,46,2017-09-23,18,46.0,19.0,24.0,65.66666666666667,54.375,0.59,18.136666666666667,25.080000000000002,65.10333333333334,62.685,0.8133333333333335
47,47,2017-09-23,18,46.0,19.0,24.0,65.66666666666667,54.375,0.59,18.136666666666667,25.080000000000002,65.10333333333334,62.685,0.8133333333333335
48,48,2017-09-23,19,55.5,20.666666666666668,23.333333333333332,66.33333333333333,57.935,0.56,18.136666666666667,25.080000000000002,65.10333333333334,62.685,0.8133333333333335
49,49,2017-09-23,19,55.5,20.666666666666668,23.333333333333332,66.33333333333333,57.935,0.56,18.136666666666667,25.080000000000002,65.10333333333334,62.685,0.8133333333333335
50,50,2017-09-24,11,25.0,18.666666666666668,17.333333333333332,57.666666666666664,34.94,0.45,17.44333333333333,20.80666666666667,55.723333333333336,69.625,0.68
51,51,2017-09-24,11,25.0,18.666666666666668,17.333333333333332,57.666666666666664,34.94,0.45,17.44333333333333,20.80666666666667,55.723333333333336,69.625,0.68
52,52,2017-09-24,11,25.0,18.666666666666668,17.333333333333332,57.666666666666664,34.94,0.45,17.44333333333333,20.80666666666667,55.723333333333336,69.625,0.68
53,53,2017-09-24,12,25.5,19.666666666666668,18.666666666666668,72.0,40.565,0.43,17.44333333333333,20.80666666666667,55.723333333333336,69.625,0.68
54,54,2017-09-24,12,25.5,19.666666666666668,18.666666666666668,72.0,40.565,0.43,17.44333333333333,20.80666666666667,55.723333333333336,69.625,0.68
55,55,2017-09-24,12,25.5,19.666666666666668,18.666666666666668,72.0,40.565,0.43,17.44333333333333,20.80666666666667,55.723333333333336,69.625,0.68
56,56,2017-09-24,12,25.5,19.666666666666668,18.666666666666668,72.0,40.565,0.43,17.44333333333333,20.80666666666667,55.723333333333336,69.625,0.68
57,57,2017-09-24,12,25.5,19.666666666666668,18.666666666666668,72.0,40.565,0.43,17.44333333333333,20.80666666666667,55.723333333333336,69.625,0.68
58,58,2017-09-24,12,25.5,19.666666666666668,18.666666666666668,72.0,40.565,0.43,17.44333333333333,20.80666666666667,55.723333333333336,69.625,0.68
59,59,2017-09-24,13,36.5,20.333333333333332,17.0,67.33333333333333,46.565,0.4266666666666667,17.44333333333333,20.80666666666667,55.723333333333336,69.625,0.68
60,60,2017-09-24,13,36.5,20.333333333333332,17.0,67.33333333333333,46.565,0.4266666666666667,17.44333333333333,20.80666666666667,55.723333333333336,69.625,0.68
61,61,2017-09-24,13,36.5,20.333333333333332,17.0,67.33333333333333,46.565,0.4266666666666667,17.44333333333333,20.80666666666667,55.723333333333336,69.625,0.68
62,62,2017-09-24,13,36.5,20.333333333333332,17.0,67.33333333333333,46.565,0.4266666666666667,17.44333333333333,20.80666666666667,55.723333333333336,69.625,0.68
63,63,2017-09-24,13,36.5,20.333333333333332,17.0,67.33333333333333,46.565,0.4266666666666667,17.44333333333333,20.80666666666667,55.723333333333336,69.625,0.68
64,64,2017-09-24,13,36.5,20.333333333333332,17.0,67.33333333333333,46.565,0.4266666666666667,17.44333333333333,20.80666666666667,55.723333333333336,69.625,0.68
65,65,2017-09-24,13,36.5,20.333333333333332,17.0,67.33333333333333,46.565,0.4266666666666667,17.44333333333333,20.80666666666667,55.723333333333336,69.625,0.68
66,66,2017-09-24,13,36.5,20.333333333333332,17.0,67.33333333333333,46.565,0.4266666666666667,17.44333333333333,20.80666666666667,55.723333333333336,69.625,0.68
67,67,2017-09-24,14,32.0,20.666666666666668,21.0,70.66666666666667,51.69,0.4266666666666667,17.44333333333333,20.80666666666667,55.723333333333336,69.625,0.68
68,68,2017-09-24,14,32.0,20.666666666666668,21.0,70.66666666666667,51.69,0.4266666666666667,17.44333333333333,20.80666666666667,55.723333333333336,69.625,0.68
69,69,2017-09-24,14,32.0,20.666666666666668,21.0,70.66666666666667,51.69,0.4266666666666667,17.44333333333333,20.80666666666667,55.723333333333336,69.625,0.68
70,70,2017-09-24,14,32.0,20.666666666666668,21.0,70.66666666666667,51.69,0.4266666666666667,17.44333333333333,20.80666666666667,55.723333333333336,69.625,0.68
71,71,2017-09-24,14,32.0,20.666666666666668,21.0,70.66666666666667,51.69,0.4266666666666667,17.44333333333333,20.80666666666667,55.723333333333336,69.625,0.68
72,72,2017-09-24,14,32.0,20.666666666666668,21.0,70.66666666666667,51.69,0.4266666666666667,17.44333333333333,20.80666666666667,55.723333333333336,69.625,0.68
73,73,2017-09-24,14,32.0,20.666666666666668,21.0,70.66666666666667,51.69,0.4266666666666667,17.44333333333333,20.80666666666667,55.723333333333336,69.625,0.68
74,74,2017-09-24,14,32.0,20.666666666666668,21.0,70.66666666666667,51.69,0.4266666666666667,17.44333333333333,20.80666666666667,55.723333333333336,69.625,0.68
75,75,2017-09-24,14,32.0,20.666666666666668,21.0,70.66666666666667,51.69,0.4266666666666667,17.44333333333333,20.80666666666667,55.723333333333336,69.625,0.68
76,76,2017-09-24,14,32.0,20.666666666666668,21.0,70.66666666666667,51.69,0.4266666666666667,17.44333333333333,20.80666666666667,55.723333333333336,69.625,0.68
77,77,2017-09-24,14,32.0,20.666666666666668,21.0,70.66666666666667,51.69,0.4266666666666667,17.44333333333333,20.80666666666667,55.723333333333336,69.625,0.68
78,78,2017-09-24,14,32.0,20.666666666666668,21.0,70.66666666666667,51.69,0.4266666666666667,17.44333333333333,20.80666666666667,55.723333333333336,69.625,0.68
79,79,2017-09-24,15,37.5,20.666666666666668,17.333333333333332,59.333333333333336,55.625,0.44333333333333336,17.44333333333333,20.80666666666667,55.723333333333336,69.625,0.68
80,80,2017-09-24,15,37.5,20.666666666666668,17.333333333333332,59.333333333333336,55.625,0.44333333333333336,17.44333333333333,20.80666666666667,55.723333333333336,69.625,0.68
81,81,2017-09-24,15,37.5,20.666666666666668,17.333333333333332,59.333333333333336,55.625,0.44333333333333336,17.44333333333333,20.80666666666667,55.723333333333336,69.625,0.68
82,82,2017-09-24,15,37.5,20.666666666666668,17.333333333333332,59.333333333333336,55.625,0.44333333333333336,17.44333333333333,20.80666666666667,55.723333333333336,69.625,0.68
83,83,2017-09-24,15,37.5,20.666666666666668,17.333333333333332,59.333333333333336,55.625,0.44333333333333336,17.44333333333333,20.80666666666667,55.723333333333336,69.625,0.68
84,84,2017-09-24,15,37.5,20.666666666666668,17.333333333333332,59.333333333333336,55.625,0.44333333333333336,17.44333333333333,20.80666666666667,55.723333333333336,69.625,0.68
85,85,2017-09-24,15,37.5,20.666666666666668,17.333333333333332,59.333333333333336,55.625,0.44333333333333336,17.44333333333333,20.80666666666667,55.723333333333336,69.625,0.68
86,86,2017-09-24,15,37.5,20.666666666666668,17.333333333333332,59.333333333333336,55.625,0.44333333333333336,17.44333333333333,20.80666666666667,55.723333333333336,69.625,0.68
87,87,2017-09-24,15,37.5,20.666666666666668,17.333333333333332,59.333333333333336,55.625,0.44333333333333336,17.44333333333333,20.80666666666667,55.723333333333336,69.625,0.68
88,88,2017-09-24,15,37.5,20.666666666666668,17.333333333333332,59.333333333333336,55.625,0.44333333333333336,17.44333333333333,20.80666666666667,55.723333333333336,69.625,0.68
89,89,2017-09-24,15,37.5,20.666666666666668,17.333333333333332,59.333333333333336,55.625,0.44333333333333336,17.44333333333333,20.80666666666667,55.723333333333336,69.625,0.68
90,90,2017-09-24,15,37.5,20.666666666666668,17.333333333333332,59.333333333333336,55.625,0.44333333333333336,17.44333333333333,20.80666666666667,55.723333333333336,69.625,0.68
91,91,2017-09-24,15,37.5,20.666666666666668,17.333333333333332,59.333333333333336,55.625,0.44333333333333336,17.44333333333333,20.80666666666667,55.723333333333336,69.625,0.68
92,92,2017-09-24,15,37.5,20.666666666666668,17.333333333333332,59.333333333333336,55.625,0.44333333333333336,17.44333333333333,20.80666666666667,55.723333333333336,69.625,0.68
93,93,2017-09-24,15,37.5,20.666666666666668,17.333333333333332,59.333333333333336,55.625,0.44333333333333336,17.44333333333333,20.80666666666667,55.723333333333336,69.625,0.68
94,94,2017-09-24,15,37.5,20.666666666666668,17.333333333333332,59.333333333333336,55.625,0.44333333333333336,17.44333333333333,20.80666666666667,55.723333333333336,69.625,0.68
95,95,2017-09-24,16,32.0,21.333333333333332,17.666666666666668,53.666666666666664,61.5,0.4366666666666667,17.44333333333333,20.80666666666667,55.723333333333336,69.625,0.68
96,96,2017-09-24,16,32.0,21.333333333333332,17.666666666666668,53.666666666666664,61.5,0.4366666666666667,17.44333333333333,20.80666666666667,55.723333333333336,69.625,0.68
97,97,2017-09-24,16,32.0,21.333333333333332,17.666666666666668,53.666666666666664,61.5,0.4366666666666667,17.44333333333333,20.80666666666667,55.723333333333336,69.625,0.68
98,98,2017-09-24,16,32.0,21.333333333333332,17.666666666666668,53.666666666666664,61.5,0.4366666666666667,17.44333333333333,20.80666666666667,55.723333333333336,69.625,0.68
99,99,2017-09-24,16,32.0,21.333333333333332,17.666666666666668,53.666666666666664,61.5,0.4366666666666667,17.44333333333333,20.80666666666667,55.723333333333336,69.625,0.68
100,100,2017-09-24,16,32.0,21.333333333333332,17.666666666666668,53.666666666666664,61.5,0.4366666666666667,17.44333333333333,20.80666666666667,55.723333333333336,69.625,0.68
101,101,2017-09-24,16,32.0,21.333333333333332,17.666666666666668,53.666666666666664,61.5,0.4366666666666667,17.44333333333333,20.80666666666667,55.723333333333336,69.625,0.68
102,102,2017-09-24,16,32.0,21.333333333333332,17.666666666666668,53.666666666666664,61.5,0.4366666666666667,17.44333333333333,20.80666666666667,55.723333333333336,69.625,0.68
103,103,2017-09-24,16,32.0,21.333333333333332,17.666666666666668,53.666666666666664,61.5,0.4366666666666667,17.44333333333333,20.80666666666667,55.723333333333336,69.625,0.68
104,104,2017-09-24,16,32.0,21.333333333333332,17.666666666666668,53.666666666666664,61.5,0.4366666666666667,17.44333333333333,20.80666666666667,55.723333333333336,69.625,0.68
105,105,2017-09-24,16,32.0,21.333333333333332,17.666666666666668,53.666666666666664,61.5,0.4366666666666667,17.44333333333333,20.80666666666667,55.723333333333336,69.625,0.68
106,106,2017-09-24,16,32.0,21.333333333333332,17.666666666666668,53.666666666666664,61.5,0.4366666666666667,17.44333333333333,20.80666666666667,55.723333333333336,69.625,0.68
107,107,2017-09-24,16,32.0,21.333333333333332,17.666666666666668,53.666666666666664,61.5,0.4366666666666667,17.44333333333333,20.80666666666667,55.723333333333336,69.625,0.68
108,108,2017-09-24,16,32.0,21.333333333333332,17.666666666666668,53.666666666666664,61.5,0.4366666666666667,17.44333333333333,20.80666666666667,55.723333333333336,69.625,0.68
109,109,2017-09-24,17,43.0,20.0,17.666666666666668,57.666666666666664,66.38,0.4100000000000001,17.44333333333333,20.80666666666667,55.723333333333336,69.625,0.68
110,110,2017-09-24,17,43.0,20.0,17.666666666666668,57.666666666666664,66.38,0.4100000000000001,17.44333333333333,20.80666666666667,55.723333333333336,69.625,0.68
111,111,2017-09-24,17,43.0,20.0,17.666666666666668,57.666666666666664,66.38,0.4100000000000001,17.44333333333333,20.80666666666667,55.723333333333336,69.625,0.68
112,112,2017-09-24,17,43.0,20.0,17.666666666666668,57.666666666666664,66.38,0.4100000000000001,17.44333333333333,20.80666666666667,55.723333333333336,69.625,0.68
113,113,2017-09-24,17,43.0,20.0,17.666666666666668,57.666666666666664,66.38,0.4100000000000001,17.44333333333333,20.80666666666667,55.723333333333336,69.625,0.68
114,114,2017-09-24,17,43.0,20.0,17.666666666666668,57.666666666666664,66.38,0.4100000000000001,17.44333333333333,20.80666666666667,55.723333333333336,69.625,0.68
115,115,2017-09-24,17,43.0,20.0,17.666666666666668,57.666666666666664,66.38,0.4100000000000001,17.44333333333333,20.80666666666667,55.723333333333336,69.625,0.68
116,116,2017-09-24,17,43.0,20.0,17.666666666666668,57.666666666666664,66.38,0.4100000000000001,17.44333333333333,20.80666666666667,55.723333333333336,69.625,0.68
117,117,2017-09-24,17,43.0,20.0,17.666666666666668,57.666666666666664,66.38,0.4100000000000001,17.44333333333333,20.80666666666667,55.723333333333336,69.625,0.68
118,118,2017-09-24,18,31.5,22.0,20.0,67.66666666666667,69.625,0.39333333333333337,17.44333333333333,20.80666666666667,55.723333333333336,69.625,0.68
119,119,2017-09-24,18,31.5,22.0,20.0,67.66666666666667,69.625,0.39333333333333337,17.44333333333333,20.80666666666667,55.723333333333336,69.625,0.68
120,120,2017-09-24,18,31.5,22.0,20.0,67.66666666666667,69.625,0.39333333333333337,17.44333333333333,20.80666666666667,55.723333333333336,69.625,0.68
121,121,2017-09-24,18,31.5,22.0,20.0,67.66666666666667,69.625,0.39333333333333337,17.44333333333333,20.80666666666667,55.723333333333336,69.625,0.68
122,122,2017-09-24,18,31.5,22.0,20.0,67.66666666666667,69.625,0.39333333333333337,17.44333333333333,20.80666666666667,55.723333333333336,69.625,0.68
123,123,2017-09-24,18,31.5,22.0,20.0,67.66666666666667,69.625,0.39333333333333337,17.44333333333333,20.80666666666667,55.723333333333336,69.625,0.68
124,124,2017-09-24,19,47.5,18.0,19.0,71.0,68.06,0.4033333333333334,17.44333333333333,20.80666666666667,55.723333333333336,69.625,0.68
125,125,2017-09-24,19,47.5,18.0,19.0,71.0,68.06,0.4033333333333334,17.44333333333333,20.80666666666667,55.723333333333336,69.625,0.68
126,126,2017-09-24,19,47.5,18.0,19.0,71.0,68.06,0.4033333333333334,17.44333333333333,20.80666666666667,55.723333333333336,69.625,0.68
127,127,2017-09-24,19,47.5,18.0,19.0,71.0,68.06,0.4033333333333334,17.44333333333333,20.80666666666667,55.723333333333336,69.625,0.68
128,128,2017-09-24,20,38.5,18.0,17.666666666666668,67.0,65.69,0.41,17.44333333333333,20.80666666666667,55.723333333333336,69.625,0.68
129,129,2017-09-25,10,34.5,15.333333333333334,30.666666666666668,113.0,29.75,0.44333333333333336,27.166666666666668,19.52,61.446666666666665,54.44,0.6933333333333334
130,130,2017-09-25,11,35.0,17.666666666666668,34.333333333333336,115.0,31.0,0.39000000000000007,27.166666666666668,19.52,61.446666666666665,54.44,0.6933333333333334
131,131,2017-09-25,11,35.0,17.666666666666668,34.333333333333336,115.0,31.0,0.39000000000000007,27.166666666666668,19.52,61.446666666666665,54.44,0.6933333333333334
132,132,2017-09-25,12,43.5,14.666666666666666,29.666666666666668,103.0,33.315,0.42,27.166666666666668,19.52,61.446666666666665,54.44,0.6933333333333334
133,133,2017-09-25,12,43.5,14.666666666666666,29.666666666666668,103.0,33.315,0.42,27.166666666666668,19.52,61.446666666666665,54.44,0.6933333333333334
134,134,2017-09-25,13,20.0,16.666666666666668,23.666666666666668,87.66666666666667,38.125,0.43333333333333335,27.166666666666668,19.52,61.446666666666665,54.44,0.6933333333333334
135,135,2017-09-25,13,20.0,16.666666666666668,23.666666666666668,87.66666666666667,38.125,0.43333333333333335,27.166666666666668,19.52,61.446666666666665,54.44,0.6933333333333334
136,136,2017-09-25,13,20.0,16.666666666666668,23.666666666666668,87.66666666666667,38.125,0.43333333333333335,27.166666666666668,19.52,61.446666666666665,54.44,0.6933333333333334
137,137,2017-09-25,14,28.0,18.0,23.0,84.33333333333333,41.685,0.4533333333333333,27.166666666666668,19.52,61.446666666666665,54.44,0.6933333333333334
138,138,2017-09-25,14,28.0,18.0,23.0,84.33333333333333,41.685,0.4533333333333333,27.166666666666668,19.52,61.446666666666665,54.44,0.6933333333333334
139,139,2017-09-25,14,28.0,18.0,23.0,84.33333333333333,41.685,0.4533333333333333,27.166666666666668,19.52,61.446666666666665,54.44,0.6933333333333334
140,140,2017-09-25,14,28.0,18.0,23.0,84.33333333333333,41.685,0.4533333333333333,27.166666666666668,19.52,61.446666666666665,54.44,0.6933333333333334
141,141,2017-09-25,14,28.0,18.0,23.0,84.33333333333333,41.685,0.4533333333333333,27.166666666666668,19.52,61.446666666666665,54.44,0.6933333333333334
142,142,2017-09-25,14,28.0,18.0,23.0,84.33333333333333,41.685,0.4533333333333333,27.166666666666668,19.52,61.446666666666665,54.44,0.6933333333333334
143,143,2017-09-25,15,37.5,17.666666666666668,24.666666666666668,82.0,45.62,0.48,27.166666666666668,19.52,61.446666666666665,54.44,0.6933333333333334
144,144,2017-09-25,15,37.5,17.666666666666668,24.666666666666668,82.0,45.62,0.48,27.166666666666668,19.52,61.446666666666665,54.44,0.6933333333333334
145,145,2017-09-25,15,37.5,17.666666666666668,24.666666666666668,82.0,45.62,0.48,27.166666666666668,19.52,61.446666666666665,54.44,0.6933333333333334
146,146,2017-09-25,15,37.5,17.666666666666668,24.666666666666668,82.0,45.62,0.48,27.166666666666668,19.52,61.446666666666665,54.44,0.6933333333333334
147,147,2017-09-25,15,37.5,17.666666666666668,24.666666666666668,82.0,45.62,0.48,27.166666666666668,19.52,61.446666666666665,54.44,0.6933333333333334
148,148,2017-09-25,16,46.5,17.666666666666668,25.666666666666668,80.33333333333333,49.25,0.5066666666666667,27.166666666666668,19.52,61.446666666666665,54.44,0.6933333333333334
149,149,2017-09-25,16,46.5,17.666666666666668,25.666666666666668,80.33333333333333,49.25,0.5066666666666667,27.166666666666668,19.52,61.446666666666665,54.44,0.6933333333333334
150,150,2017-09-25,16,46.5,17.666666666666668,25.666666666666668,80.33333333333333,49.25,0.5066666666666667,27.166666666666668,19.52,61.446666666666665,54.44,0.6933333333333334
151,151,2017-09-25,16,46.5,17.666666666666668,25.666666666666668,80.33333333333333,49.25,0.5066666666666667,27.166666666666668,19.52,61.446666666666665,54.44,0.6933333333333334
152,152,2017-09-25,16,46.5,17.666666666666668,25.666666666666668,80.33333333333333,49.25,0.5066666666666667,27.166666666666668,19.52,61.446666666666665,54.44,0.6933333333333334
153,153,2017-09-25,17,62.0,17.333333333333332,26.666666666666668,82.66666666666667,50.875,0.53,27.166666666666668,19.52,61.446666666666665,54.44,0.6933333333333334
154,154,2017-09-25,17,62.0,17.333333333333332,26.666666666666668,82.66666666666667,50.875,0.53,27.166666666666668,19.52,61.446666666666665,54.44,0.6933333333333334
155,155,2017-09-25,17,62.0,17.333333333333332,26.666666666666668,82.66666666666667,50.875,0.53,27.166666666666668,19.52,61.446666666666665,54.44,0.6933333333333334
156,156,2017-09-25,17,62.0,17.333333333333332,26.666666666666668,82.66666666666667,50.875,0.53,27.166666666666668,19.52,61.446666666666665,54.44,0.6933333333333334
157,157,2017-09-25,17,62.0,17.333333333333332,26.666666666666668,82.66666666666667,50.875,0.53,27.166666666666668,19.52,61.446666666666665,54.44,0.6933333333333334
158,158,2017-09-25,17,62.0,17.333333333333332,26.666666666666668,82.66666666666667,50.875,0.53,27.166666666666668,19.52,61.446666666666665,54.44,0.6933333333333334
159,159,2017-09-25,17,62.0,17.333333333333332,26.666666666666668,82.66666666666667,50.875,0.53,27.166666666666668,19.52,61.446666666666665,54.44,0.6933333333333334
160,160,2017-09-25,17,62.0,17.333333333333332,26.666666666666668,82.66666666666667,50.875,0.53,27.166666666666668,19.52,61.446666666666665,54.44,0.6933333333333334
161,161,2017-09-25,17,62.0,17.333333333333332,26.666666666666668,82.66666666666667,50.875,0.53,27.166666666666668,19.52,61.446666666666665,54.44,0.6933333333333334
162,162,2017-09-25,18,63.0,16.0,26.0,88.0,51.315,0.5366666666666666,27.166666666666668,19.52,61.446666666666665,54.44,0.6933333333333334
163,163,2017-09-25,18,63.0,16.0,26.0,88.0,51.315,0.5366666666666666,27.166666666666668,19.52,61.446666666666665,54.44,0.6933333333333334
164,164,2017-09-25,18,63.0,16.0,26.0,88.0,51.315,0.5366666666666666,27.166666666666668,19.52,61.446666666666665,54.44,0.6933333333333334
165,165,2017-09-25,18,63.0,16.0,26.0,88.0,51.315,0.5366666666666666,27.166666666666668,19.52,61.446666666666665,54.44,0.6933333333333334
166,166,2017-09-25,18,63.0,16.0,26.0,88.0,51.315,0.5366666666666666,27.166666666666668,19.52,61.446666666666665,54.44,0.6933333333333334
167,167,2017-09-25,18,63.0,16.0,26.0,88.0,51.315,0.5366666666666666,27.166666666666668,19.52,61.446666666666665,54.44,0.6933333333333334
168,168,2017-09-25,18,63.0,16.0,26.0,88.0,51.315,0.5366666666666666,27.166666666666668,19.52,61.446666666666665,54.44,0.6933333333333334
169,169,2017-09-25,19,38.0,15.333333333333334,24.333333333333332,83.66666666666667,51.879999999999995,0.5266666666666666,27.166666666666668,19.52,61.446666666666665,54.44,0.6933333333333334
170,170,2017-09-25,19,38.0,15.333333333333334,24.333333333333332,83.66666666666667,51.879999999999995,0.5266666666666666,27.166666666666668,19.52,61.446666666666665,54.44,0.6933333333333334
171,171,2017-09-25,19,38.0,15.333333333333334,24.333333333333332,83.66666666666667,51.879999999999995,0.5266666666666666,27.166666666666668,19.52,61.446666666666665,54.44,0.6933333333333334
172,172,2017-09-25,20,57.0,16.666666666666668,26.666666666666668,96.66666666666667,49.81,0.5466666666666666,27.166666666666668,19.52,61.446666666666665,54.44,0.6933333333333334
173,173,2017-09-26,12,34.0,11.0,22.333333333333332,66.66666666666667,39.75,0.42333333333333334,24.153333333333332,23.713333333333335,75.74333333333333,50.935,0.7400000000000001
174,174,2017-09-26,12,34.0,11.0,22.333333333333332,66.66666666666667,39.75,0.42333333333333334,24.153333333333332,23.713333333333335,75.74333333333333,50.935,0.7400000000000001
175,175,2017-09-26,13,33.5,10.333333333333334,21.333333333333332,66.33333333333333,40.75,0.4533333333333333,24.153333333333332,23.713333333333335,75.74333333333333,50.935,0.7400000000000001
176,176,2017-09-26,14,28.0,11.333333333333334,23.0,79.66666666666667,41.25,0.48666666666666664,24.153333333333332,23.713333333333335,75.74333333333333,50.935,0.7400000000000001
177,177,2017-09-26,14,28.0,11.333333333333334,23.0,79.66666666666667,41.25,0.48666666666666664,24.153333333333332,23.713333333333335,75.74333333333333,50.935,0.7400000000000001
178,178,2017-09-26,14,28.0,11.333333333333334,23.0,79.66666666666667,41.25,0.48666666666666664,24.153333333333332,23.713333333333335,75.74333333333333,50.935,0.7400000000000001
179,179,2017-09-26,14,28.0,11.333333333333334,23.0,79.66666666666667,41.25,0.48666666666666664,24.153333333333332,23.713333333333335,75.74333333333333,50.935,0.7400000000000001
180,180,2017-09-26,14,28.0,11.333333333333334,23.0,79.66666666666667,41.25,0.48666666666666664,24.153333333333332,23.713333333333335,75.74333333333333,50.935,0.7400000000000001
181,181,2017-09-26,14,28.0,11.333333333333334,23.0,79.66666666666667,41.25,0.48666666666666664,24.153333333333332,23.713333333333335,75.74333333333333,50.935,0.7400000000000001
182,182,2017-09-26,15,37.0,12.333333333333334,21.0,75.66666666666667,43.315,0.5099999999999999,24.153333333333332,23.713333333333335,75.74333333333333,50.935,0.7400000000000001
183,183,2017-09-26,15,37.0,12.333333333333334,21.0,75.66666666666667,43.315,0.5099999999999999,24.153333333333332,23.713333333333335,75.74333333333333,50.935,0.7400000000000001
184,184,2017-09-26,15,37.0,12.333333333333334,21.0,75.66666666666667,43.315,0.5099999999999999,24.153333333333332,23.713333333333335,75.74333333333333,50.935,0.7400000000000001
185,185,2017-09-26,15,37.0,12.333333333333334,21.0,75.66666666666667,43.315,0.5099999999999999,24.153333333333332,23.713333333333335,75.74333333333333,50.935,0.7400000000000001
186,186,2017-09-26,15,37.0,12.333333333333334,21.0,75.66666666666667,43.315,0.5099999999999999,24.153333333333332,23.713333333333335,75.74333333333333,50.935,0.7400000000000001
187,187,2017-09-26,15,37.0,12.333333333333334,21.0,75.66666666666667,43.315,0.5099999999999999,24.153333333333332,23.713333333333335,75.74333333333333,50.935,0.7400000000000001
188,188,2017-09-26,15,37.0,12.333333333333334,21.0,75.66666666666667,43.315,0.5099999999999999,24.153333333333332,23.713333333333335,75.74333333333333,50.935,0.7400000000000001
189,189,2017-09-26,15,37.0,12.333333333333334,21.0,75.66666666666667,43.315,0.5099999999999999,24.153333333333332,23.713333333333335,75.74333333333333,50.935,0.7400000000000001
190,190,2017-09-26,15,37.0,12.333333333333334,21.0,75.66666666666667,43.315,0.5099999999999999,24.153333333333332,23.713333333333335,75.74333333333333,50.935,0.7400000000000001
191,191,2017-09-26,16,33.5,11.333333333333334,22.0,65.66666666666667,46.185,0.5099999999999999,24.153333333333332,23.713333333333335,75.74333333333333,50.935,0.7400000000000001
192,192,2017-09-26,16,33.5,11.333333333333334,22.0,65.66666666666667,46.185,0.5099999999999999,24.153333333333332,23.713333333333335,75.74333333333333,50.935,0.7400000000000001
193,193,2017-09-26,16,33.5,11.333333333333334,22.0,65.66666666666667,46.185,0.5099999999999999,24.153333333333332,23.713333333333335,75.74333333333333,50.935,0.7400000000000001
194,194,2017-09-26,16,33.5,11.333333333333334,22.0,65.66666666666667,46.185,0.5099999999999999,24.153333333333332,23.713333333333335,75.74333333333333,50.935,0.7400000000000001
195,195,2017-09-26,16,33.5,11.333333333333334,22.0,65.66666666666667,46.185,0.5099999999999999,24.153333333333332,23.713333333333335,75.74333333333333,50.935,0.7400000000000001
196,196,2017-09-26,16,33.5,11.333333333333334,22.0,65.66666666666667,46.185,0.5099999999999999,24.153333333333332,23.713333333333335,75.74333333333333,50.935,0.7400000000000001
197,197,2017-09-26,16,33.5,11.333333333333334,22.0,65.66666666666667,46.185,0.5099999999999999,24.153333333333332,23.713333333333335,75.74333333333333,50.935,0.7400000000000001
198,198,2017-09-26,16,33.5,11.333333333333334,22.0,65.66666666666667,46.185,0.5099999999999999,24.153333333333332,23.713333333333335,75.74333333333333,50.935,0.7400000000000001
199,199,2017-09-26,16,33.5,11.333333333333334,22.0,65.66666666666667,46.185,0.5099999999999999,24.153333333333332,23.713333333333335,75.74333333333333,50.935,0.7400000000000001
200,200,2017-09-26,16,33.5,11.333333333333334,22.0,65.66666666666667,46.185,0.5099999999999999,24.153333333333332,23.713333333333335,75.74333333333333,50.935,0.7400000000000001
201,201,2017-09-26,17,43.0,11.0,21.333333333333332,65.0,48.12,0.5033333333333333,24.153333333333332,23.713333333333335,75.74333333333333,50.935,0.7400000000000001
202,202,2017-09-26,17,43.0,11.0,21.333333333333332,65.0,48.12,0.5033333333333333,24.153333333333332,23.713333333333335,75.74333333333333,50.935,0.7400000000000001
203,203,2017-09-26,17,43.0,11.0,21.333333333333332,65.0,48.12,0.5033333333333333,24.153333333333332,23.713333333333335,75.74333333333333,50.935,0.7400000000000001
204,204,2017-09-26,17,43.0,11.0,21.333333333333332,65.0,48.12,0.5033333333333333,24.153333333333332,23.713333333333335,75.74333333333333,50.935,0.7400000000000001
205,205,2017-09-26,18,47.0,11.0,22.0,72.33333333333333,48.125,0.5266666666666667,24.153333333333332,23.713333333333335,75.74333333333333,50.935,0.7400000000000001
206,206,2017-09-26,18,47.0,11.0,22.0,72.33333333333333,48.125,0.5266666666666667,24.153333333333332,23.713333333333335,75.74333333333333,50.935,0.7400000000000001
207,207,2017-09-26,18,47.0,11.0,22.0,72.33333333333333,48.125,0.5266666666666667,24.153333333333332,23.713333333333335,75.74333333333333,50.935,0.7400000000000001
208,208,2017-09-26,18,47.0,11.0,22.0,72.33333333333333,48.125,0.5266666666666667,24.153333333333332,23.713333333333335,75.74333333333333,50.935,0.7400000000000001
209,209,2017-09-26,18,47.0,11.0,22.0,72.33333333333333,48.125,0.5266666666666667,24.153333333333332,23.713333333333335,75.74333333333333,50.935,0.7400000000000001
210,210,2017-09-26,18,47.0,11.0,22.0,72.33333333333333,48.125,0.5266666666666667,24.153333333333332,23.713333333333335,75.74333333333333,50.935,0.7400000000000001
211,211,2017-09-26,19,63.0,13.666666666666666,24.666666666666668,84.0,47.44,0.5499999999999999,24.153333333333332,23.713333333333335,75.74333333333333,50.935,0.7400000000000001
212,212,2017-09-26,19,63.0,13.666666666666666,24.666666666666668,84.0,47.44,0.5499999999999999,24.153333333333332,23.713333333333335,75.74333333333333,50.935,0.7400000000000001
213,213,2017-09-26,19,63.0,13.666666666666666,24.666666666666668,84.0,47.44,0.5499999999999999,24.153333333333332,23.713333333333335,75.74333333333333,50.935,0.7400000000000001
214,214,2017-09-26,19,63.0,13.666666666666666,24.666666666666668,84.0,47.44,0.5499999999999999,24.153333333333332,23.713333333333335,75.74333333333333,50.935,0.7400000000000001
215,215,2017-09-27,12,41.5,14.0,18.666666666666668,53.666666666666664,40.625,0.4266666666666667,21.043333333333333,18.783333333333335,57.70333333333334,55.37,0.6966666666666667
216,216,2017-09-27,13,35.0,8.666666666666666,17.333333333333332,56.666666666666664,37.065,0.4666666666666666,21.043333333333333,18.783333333333335,57.70333333333334,55.37,0.6966666666666667
217,217,2017-09-27,13,35.0,8.666666666666666,17.333333333333332,56.666666666666664,37.065,0.4666666666666666,21.043333333333333,18.783333333333335,57.70333333333334,55.37,0.6966666666666667
218,218,2017-09-27,14,28.5,8.666666666666666,13.0,47.666666666666664,34.685,0.49666666666666676,21.043333333333333,18.783333333333335,57.70333333333334,55.37,0.6966666666666667
219,219,2017-09-27,14,28.5,8.666666666666666,13.0,47.666666666666664,34.685,0.49666666666666676,21.043333333333333,18.783333333333335,57.70333333333334,55.37,0.6966666666666667
220,220,2017-09-27,14,28.5,8.666666666666666,13.0,47.666666666666664,34.685,0.49666666666666676,21.043333333333333,18.783333333333335,57.70333333333334,55.37,0.6966666666666667
221,221,2017-09-27,14,28.5,8.666666666666666,13.0,47.666666666666664,34.685,0.49666666666666676,21.043333333333333,18.783333333333335,57.70333333333334,55.37,0.6966666666666667
222,222,2017-09-27,14,28.5,8.666666666666666,13.0,47.666666666666664,34.685,0.49666666666666676,21.043333333333333,18.783333333333335,57.70333333333334,55.37,0.6966666666666667
223,223,2017-09-27,14,28.5,8.666666666666666,13.0,47.666666666666664,34.685,0.49666666666666676,21.043333333333333,18.783333333333335,57.70333333333334,55.37,0.6966666666666667
224,224,2017-09-27,14,28.5,8.666666666666666,13.0,47.666666666666664,34.685,0.49666666666666676,21.043333333333333,18.783333333333335,57.70333333333334,55.37,0.6966666666666667
225,225,2017-09-27,15,21.5,9.666666666666666,12.333333333333334,50.666666666666664,33.56,0.5133333333333333,21.043333333333333,18.783333333333335,57.70333333333334,55.37,0.6966666666666667
226,226,2017-09-27,15,21.5,9.666666666666666,12.333333333333334,50.666666666666664,33.56,0.5133333333333333,21.043333333333333,18.783333333333335,57.70333333333334,55.37,0.6966666666666667
227,227,2017-09-27,15,21.5,9.666666666666666,12.333333333333334,50.666666666666664,33.56,0.5133333333333333,21.043333333333333,18.783333333333335,57.70333333333334,55.37,0.6966666666666667
228,228,2017-09-27,15,21.5,9.666666666666666,12.333333333333334,50.666666666666664,33.56,0.5133333333333333,21.043333333333333,18.783333333333335,57.70333333333334,55.37,0.6966666666666667
229,229,2017-09-27,15,21.5,9.666666666666666,12.333333333333334,50.666666666666664,33.56,0.5133333333333333,21.043333333333333,18.783333333333335,57.70333333333334,55.37,0.6966666666666667
230,230,2017-09-27,16,45.5,9.0,19.333333333333332,52.666666666666664,31.869999999999997,0.5533333333333333,21.043333333333333,18.783333333333335,57.70333333333334,55.37,0.6966666666666667
231,231,2017-09-27,16,45.5,9.0,19.333333333333332,52.666666666666664,31.869999999999997,0.5533333333333333,21.043333333333333,18.783333333333335,57.70333333333334,55.37,0.6966666666666667
232,232,2017-09-27,16,45.5,9.0,19.333333333333332,52.666666666666664,31.869999999999997,0.5533333333333333,21.043333333333333,18.783333333333335,57.70333333333334,55.37,0.6966666666666667
233,233,2017-09-27,16,45.5,9.0,19.333333333333332,52.666666666666664,31.869999999999997,0.5533333333333333,21.043333333333333,18.783333333333335,57.70333333333334,55.37,0.6966666666666667
234,234,2017-09-27,16,45.5,9.0,19.333333333333332,52.666666666666664,31.869999999999997,0.5533333333333333,21.043333333333333,18.783333333333335,57.70333333333334,55.37,0.6966666666666667
235,235,2017-09-27,16,45.5,9.0,19.333333333333332,52.666666666666664,31.869999999999997,0.5533333333333333,21.043333333333333,18.783333333333335,57.70333333333334,55.37,0.6966666666666667
236,236,2017-09-27,16,45.5,9.0,19.333333333333332,52.666666666666664,31.869999999999997,0.5533333333333333,21.043333333333333,18.783333333333335,57.70333333333334,55.37,0.6966666666666667
237,237,2017-09-27,16,45.5,9.0,19.333333333333332,52.666666666666664,31.869999999999997,0.5533333333333333,21.043333333333333,18.783333333333335,57.70333333333334,55.37,0.6966666666666667
238,238,2017-09-27,16,45.5,9.0,19.333333333333332,52.666666666666664,31.869999999999997,0.5533333333333333,21.043333333333333,18.783333333333335,57.70333333333334,55.37,0.6966666666666667
239,239,2017-09-27,16,45.5,9.0,19.333333333333332,52.666666666666664,31.869999999999997,0.5533333333333333,21.043333333333333,18.783333333333335,57.70333333333334,55.37,0.6966666666666667
240,240,2017-09-27,16,45.5,9.0,19.333333333333332,52.666666666666664,31.869999999999997,0.5533333333333333,21.043333333333333,18.783333333333335,57.70333333333334,55.37,0.6966666666666667
241,241,2017-09-27,16,45.5,9.0,19.333333333333332,52.666666666666664,31.869999999999997,0.5533333333333333,21.043333333333333,18.783333333333335,57.70333333333334,55.37,0.6966666666666667
242,242,2017-09-27,17,38.5,12.333333333333334,17.0,46.0,32.0,0.5666666666666667,21.043333333333333,18.783333333333335,57.70333333333334,55.37,0.6966666666666667
243,243,2017-09-27,17,38.5,12.333333333333334,17.0,46.0,32.0,0.5666666666666667,21.043333333333333,18.783333333333335,57.70333333333334,55.37,0.6966666666666667
244,244,2017-09-27,17,38.5,12.333333333333334,17.0,46.0,32.0,0.5666666666666667,21.043333333333333,18.783333333333335,57.70333333333334,55.37,0.6966666666666667
245,245,2017-09-27,17,38.5,12.333333333333334,17.0,46.0,32.0,0.5666666666666667,21.043333333333333,18.783333333333335,57.70333333333334,55.37,0.6966666666666667
246,246,2017-09-27,17,38.5,12.333333333333334,17.0,46.0,32.0,0.5666666666666667,21.043333333333333,18.783333333333335,57.70333333333334,55.37,0.6966666666666667
247,247,2017-09-27,18,25.0,7.666666666666667,12.666666666666666,40.0,33.875,0.5166666666666667,21.043333333333333,18.783333333333335,57.70333333333334,55.37,0.6966666666666667
248,248,2017-09-27,18,25.0,7.666666666666667,12.666666666666666,40.0,33.875,0.5166666666666667,21.043333333333333,18.783333333333335,57.70333333333334,55.37,0.6966666666666667
249,249,2017-09-27,18,25.0,7.666666666666667,12.666666666666666,40.0,33.875,0.5166666666666667,21.043333333333333,18.783333333333335,57.70333333333334,55.37,0.6966666666666667
250,250,2017-09-27,18,25.0,7.666666666666667,12.666666666666666,40.0,33.875,0.5166666666666667,21.043333333333333,18.783333333333335,57.70333333333334,55.37,0.6966666666666667
251,251,2017-09-27,18,25.0,7.666666666666667,12.666666666666666,40.0,33.875,0.5166666666666667,21.043333333333333,18.783333333333335,57.70333333333334,55.37,0.6966666666666667
252,252,2017-09-27,19,28.0,11.666666666666666,15.333333333333334,36.666666666666664,34.125,0.48666666666666664,21.043333333333333,18.783333333333335,57.70333333333334,55.37,0.6966666666666667
253,253,2017-09-28,13,42.0,9.666666666666666,6.0,13.5,12.19,0.71,9.57,10.695,24.745,22.060000000000002,0.9466666666666667
254,254,2017-09-28,13,42.0,9.666666666666666,6.0,13.5,12.19,0.71,9.57,10.695,24.745,22.060000000000002,0.9466666666666667
255,255,2017-09-28,13,42.0,9.666666666666666,6.0,13.5,12.19,0.71,9.57,10.695,24.745,22.060000000000002,0.9466666666666667
256,256,2017-09-28,13,42.0,9.666666666666666,6.0,13.5,12.19,0.71,9.57,10.695,24.745,22.060000000000002,0.9466666666666667
257,257,2017-09-28,14,41.5,11.333333333333334,10.0,23.0,12.685,0.7766666666666667,9.57,10.695,24.745,22.060000000000002,0.9466666666666667
258,258,2017-09-28,14,41.5,11.333333333333334,10.0,23.0,12.685,0.7766666666666667,9.57,10.695,24.745,22.060000000000002,0.9466666666666667
259,259,2017-09-28,14,41.5,11.333333333333334,10.0,23.0,12.685,0.7766666666666667,9.57,10.695,24.745,22.060000000000002,0.9466666666666667
260,260,2017-09-28,14,41.5,11.333333333333334,10.0,23.0,12.685,0.7766666666666667,9.57,10.695,24.745,22.060000000000002,0.9466666666666667
261,261,2017-09-28,14,41.5,11.333333333333334,10.0,23.0,12.685,0.7766666666666667,9.57,10.695,24.745,22.060000000000002,0.9466666666666667
262,262,2017-09-28,14,41.5,11.333333333333334,10.0,23.0,12.685,0.7766666666666667,9.57,10.695,24.745,22.060000000000002,0.9466666666666667
263,263,2017-09-28,14,41.5,11.333333333333334,10.0,23.0,12.685,0.7766666666666667,9.57,10.695,24.745,22.060000000000002,0.9466666666666667
264,264,2017-09-28,14,41.5,11.333333333333334,10.0,23.0,12.685,0.7766666666666667,9.57,10.695,24.745,22.060000000000002,0.9466666666666667
265,265,2017-09-28,14,41.5,11.333333333333334,10.0,23.0,12.685,0.7766666666666667,9.57,10.695,24.745,22.060000000000002,0.9466666666666667
266,266,2017-09-28,15,59.5,11.333333333333334,6.5,22.0,13.25,0.8533333333333334,9.57,10.695,24.745,22.060000000000002,0.9466666666666667
267,267,2017-09-28,15,59.5,11.333333333333334,6.5,22.0,13.25,0.8533333333333334,9.57,10.695,24.745,22.060000000000002,0.9466666666666667
268,268,2017-09-28,15,59.5,11.333333333333334,6.5,22.0,13.25,0.8533333333333334,9.57,10.695,24.745,22.060000000000002,0.9466666666666667
269,269,2017-09-28,15,59.5,11.333333333333334,6.5,22.0,13.25,0.8533333333333334,9.57,10.695,24.745,22.060000000000002,0.9466666666666667
270,270,2017-09-28,15,59.5,11.333333333333334,6.5,22.0,13.25,0.8533333333333334,9.57,10.695,24.745,22.060000000000002,0.9466666666666667
271,271,2017-09-28,15,59.5,11.333333333333334,6.5,22.0,13.25,0.8533333333333334,9.57,10.695,24.745,22.060000000000002,0.9466666666666667
272,272,2017-09-28,15,59.5,11.333333333333334,6.5,22.0,13.25,0.8533333333333334,9.57,10.695,24.745,22.060000000000002,0.9466666666666667
273,273,2017-09-28,15,59.5,11.333333333333334,6.5,22.0,13.25,0.8533333333333334,9.57,10.695,24.745,22.060000000000002,0.9466666666666667
274,274,2017-09-28,15,59.5,11.333333333333334,6.5,22.0,13.25,0.8533333333333334,9.57,10.695,24.745,22.060000000000002,0.9466666666666667
275,275,2017-09-28,15,59.5,11.333333333333334,6.5,22.0,13.25,0.8533333333333334,9.57,10.695,24.745,22.060000000000002,0.9466666666666667
276,276,2017-09-28,16,47.5,11.333333333333334,8.0,17.0,12.875,0.9066666666666666,9.57,10.695,24.745,22.060000000000002,0.9466666666666667
277,277,2017-09-28,16,47.5,11.333333333333334,8.0,17.0,12.875,0.9066666666666666,9.57,10.695,24.745,22.060000000000002,0.9466666666666667
278,278,2017-09-28,16,47.5,11.333333333333334,8.0,17.0,12.875,0.9066666666666666,9.57,10.695,24.745,22.060000000000002,0.9466666666666667
279,279,2017-09-28,16,47.5,11.333333333333334,8.0,17.0,12.875,0.9066666666666666,9.57,10.695,24.745,22.060000000000002,0.9466666666666667
280,280,2017-09-28,16,47.5,11.333333333333334,8.0,17.0,12.875,0.9066666666666666,9.57,10.695,24.745,22.060000000000002,0.9466666666666667
281,281,2017-09-28,16,47.5,11.333333333333334,8.0,17.0,12.875,0.9066666666666666,9.57,10.695,24.745,22.060000000000002,0.9466666666666667
282,282,2017-09-28,16,47.5,11.333333333333334,8.0,17.0,12.875,0.9066666666666666,9.57,10.695,24.745,22.060000000000002,0.9466666666666667
283,283,2017-09-28,16,47.5,11.333333333333334,8.0,17.0,12.875,0.9066666666666666,9.57,10.695,24.745,22.060000000000002,0.9466666666666667
284,284,2017-09-28,16,47.5,11.333333333333334,8.0,17.0,12.875,0.9066666666666666,9.57,10.695,24.745,22.060000000000002,0.9466666666666667
285,285,2017-09-28,16,47.5,11.333333333333334,8.0,17.0,12.875,0.9066666666666666,9.57,10.695,24.745,22.060000000000002,0.9466666666666667
286,286,2017-09-28,17,50.0,10.333333333333334,10.5,21.5,13.31,0.89,9.57,10.695,24.745,22.060000000000002,0.9466666666666667
287,287,2017-09-28,17,50.0,10.333333333333334,10.5,21.5,13.31,0.89,9.57,10.695,24.745,22.060000000000002,0.9466666666666667
288,288,2017-09-28,17,50.0,10.333333333333334,10.5,21.5,13.31,0.89,9.57,10.695,24.745,22.060000000000002,0.9466666666666667
289,289,2017-09-28,17,50.0,10.333333333333334,10.5,21.5,13.31,0.89,9.57,10.695,24.745,22.060000000000002,0.9466666666666667
290,290,2017-09-28,17,50.0,10.333333333333334,10.5,21.5,13.31,0.89,9.57,10.695,24.745,22.060000000000002,0.9466666666666667
291,291,2017-09-28,17,50.0,10.333333333333334,10.5,21.5,13.31,0.89,9.57,10.695,24.745,22.060000000000002,0.9466666666666667
292,292,2017-09-28,18,39.0,11.666666666666666,6.0,12.5,13.75,0.8333333333333334,9.57,10.695,24.745,22.060000000000002,0.9466666666666667
293,293,2017-09-28,18,39.0,11.666666666666666,6.0,12.5,13.75,0.8333333333333334,9.57,10.695,24.745,22.060000000000002,0.9466666666666667
294,294,2017-09-28,20,43.5,9.666666666666666,5.5,14.0,13.815,0.82,9.57,10.695,24.745,22.060000000000002,0.9466666666666667
295,295,2017-09-29,12,37.0,8.333333333333334,9.0,24.5,24.25,0.5133333333333333,8.9,6.35,13.935,26.814999999999998,0.75
296,296,2017-09-29,12,37.0,8.333333333333334,9.0,24.5,24.25,0.5133333333333333,8.9,6.35,13.935,26.814999999999998,0.75
297,297,2017-09-29,13,43.0,11.333333333333334,8.5,29.0,22.625,0.6,8.9,6.35,13.935,26.814999999999998,0.75
298,298,2017-09-29,13,43.0,11.333333333333334,8.5,29.0,22.625,0.6,8.9,6.35,13.935,26.814999999999998,0.75
299,299,2017-09-29,13,43.0,11.333333333333334,8.5,29.0,22.625,0.6,8.9,6.35,13.935,26.814999999999998,0.75
300,300,2017-09-29,13,43.0,11.333333333333334,8.5,29.0,22.625,0.6,8.9,6.35,13.935,26.814999999999998,0.75
301,301,2017-09-29,13,43.0,11.333333333333334,8.5,29.0,22.625,0.6,8.9,6.35,13.935,26.814999999999998,0.75
302,302,2017-09-29,13,43.0,11.333333333333334,8.5,29.0,22.625,0.6,8.9,6.35,13.935,26.814999999999998,0.75
303,303,2017-09-29,14,46.5,9.333333333333334,11.5,29.0,21.5,0.6633333333333334,8.9,6.35,13.935,26.814999999999998,0.75
304,304,2017-09-29,14,46.5,9.333333333333334,11.5,29.0,21.5,0.6633333333333334,8.9,6.35,13.935,26.814999999999998,0.75
305,305,2017-09-29,14,46.5,9.333333333333334,11.5,29.0,21.5,0.6633333333333334,8.9,6.35,13.935,26.814999999999998,0.75
306,306,2017-09-29,14,46.5,9.333333333333334,11.5,29.0,21.5,0.6633333333333334,8.9,6.35,13.935,26.814999999999998,0.75
307,307,2017-09-29,14,46.5,9.333333333333334,11.5,29.0,21.5,0.6633333333333334,8.9,6.35,13.935,26.814999999999998,0.75
308,308,2017-09-29,14,46.5,9.333333333333334,11.5,29.0,21.5,0.6633333333333334,8.9,6.35,13.935,26.814999999999998,0.75
309,309,2017-09-29,14,46.5,9.333333333333334,11.5,29.0,21.5,0.6633333333333334,8.9,6.35,13.935,26.814999999999998,0.75
310,310,2017-09-29,14,46.5,9.333333333333334,11.5,29.0,21.5,0.6633333333333334,8.9,6.35,13.935,26.814999999999998,0.75
311,311,2017-09-29,14,46.5,9.333333333333334,11.5,29.0,21.5,0.6633333333333334,8.9,6.35,13.935,26.814999999999998,0.75
312,312,2017-09-29,14,46.5,9.333333333333334,11.5,29.0,21.5,0.6633333333333334,8.9,6.35,13.935,26.814999999999998,0.75
313,313,2017-09-29,14,46.5,9.333333333333334,11.5,29.0,21.5,0.6633333333333334,8.9,6.35,13.935,26.814999999999998,0.75
314,314,2017-09-29,15,34.0,8.333333333333334,8.0,22.5,21.185,0.6966666666666667,8.9,6.35,13.935,26.814999999999998,0.75
315,315,2017-09-29,15,34.0,8.333333333333334,8.0,22.5,21.185,0.6966666666666667,8.9,6.35,13.935,26.814999999999998,0.75
316,316,2017-09-29,15,34.0,8.333333333333334,8.0,22.5,21.185,0.6966666666666667,8.9,6.35,13.935,26.814999999999998,0.75
317,317,2017-09-29,15,34.0,8.333333333333334,8.0,22.5,21.185,0.6966666666666667,8.9,6.35,13.935,26.814999999999998,0.75
318,318,2017-09-29,15,34.0,8.333333333333334,8.0,22.5,21.185,0.6966666666666667,8.9,6.35,13.935,26.814999999999998,0.75
319,319,2017-09-29,15,34.0,8.333333333333334,8.0,22.5,21.185,0.6966666666666667,8.9,6.35,13.935,26.814999999999998,0.75
320,320,2017-09-29,15,34.0,8.333333333333334,8.0,22.5,21.185,0.6966666666666667,8.9,6.35,13.935,26.814999999999998,0.75
321,321,2017-09-29,15,34.0,8.333333333333334,8.0,22.5,21.185,0.6966666666666667,8.9,6.35,13.935,26.814999999999998,0.75
322,322,2017-09-29,15,34.0,8.333333333333334,8.0,22.5,21.185,0.6966666666666667,8.9,6.35,13.935,26.814999999999998,0.75
323,323,2017-09-29,15,34.0,8.333333333333334,8.0,22.5,21.185,0.6966666666666667,8.9,6.35,13.935,26.814999999999998,0.75
324,324,2017-09-29,15,34.0,8.333333333333334,8.0,22.5,21.185,0.6966666666666667,8.9,6.35,13.935,26.814999999999998,0.75
325,325,2017-09-29,16,33.5,9.333333333333334,10.5,27.5,21.685,0.7033333333333333,8.9,6.35,13.935,26.814999999999998,0.75
326,326,2017-09-29,16,33.5,9.333333333333334,10.5,27.5,21.685,0.7033333333333333,8.9,6.35,13.935,26.814999999999998,0.75
327,327,2017-09-29,16,33.5,9.333333333333334,10.5,27.5,21.685,0.7033333333333333,8.9,6.35,13.935,26.814999999999998,0.75
328,328,2017-09-29,16,33.5,9.333333333333334,10.5,27.5,21.685,0.7033333333333333,8.9,6.35,13.935,26.814999999999998,0.75
329,329,2017-09-29,16,33.5,9.333333333333334,10.5,27.5,21.685,0.7033333333333333,8.9,6.35,13.935,26.814999999999998,0.75
330,330,2017-09-29,16,33.5,9.333333333333334,10.5,27.5,21.685,0.7033333333333333,8.9,6.35,13.935,26.814999999999998,0.75
331,331,2017-09-29,16,33.5,9.333333333333334,10.5,27.5,21.685,0.7033333333333333,8.9,6.35,13.935,26.814999999999998,0.75
332,332,2017-09-29,16,33.5,9.333333333333334,10.5,27.5,21.685,0.7033333333333333,8.9,6.35,13.935,26.814999999999998,0.75
333,333,2017-09-29,16,33.5,9.333333333333334,10.5,27.5,21.685,0.7033333333333333,8.9,6.35,13.935,26.814999999999998,0.75
334,334,2017-09-29,17,46.5,10.666666666666666,12.0,28.5,22.375,0.7133333333333333,8.9,6.35,13.935,26.814999999999998,0.75
335,335,2017-09-29,17,46.5,10.666666666666666,12.0,28.5,22.375,0.7133333333333333,8.9,6.35,13.935,26.814999999999998,0.75
336,336,2017-09-29,17,46.5,10.666666666666666,12.0,28.5,22.375,0.7133333333333333,8.9,6.35,13.935,26.814999999999998,0.75
337,337,2017-09-29,17,46.5,10.666666666666666,12.0,28.5,22.375,0.7133333333333333,8.9,6.35,13.935,26.814999999999998,0.75
338,338,2017-09-29,17,46.5,10.666666666666666,12.0,28.5,22.375,0.7133333333333333,8.9,6.35,13.935,26.814999999999998,0.75
339,339,2017-09-29,17,46.5,10.666666666666666,12.0,28.5,22.375,0.7133333333333333,8.9,6.35,13.935,26.814999999999998,0.75
340,340,2017-09-29,17,46.5,10.666666666666666,12.0,28.5,22.375,0.7133333333333333,8.9,6.35,13.935,26.814999999999998,0.75
341,341,2017-09-29,17,46.5,10.666666666666666,12.0,28.5,22.375,0.7133333333333333,8.9,6.35,13.935,26.814999999999998,0.75
342,342,2017-09-29,17,46.5,10.666666666666666,12.0,28.5,22.375,0.7133333333333333,8.9,6.35,13.935,26.814999999999998,0.75
343,343,2017-09-29,17,46.5,10.666666666666666,12.0,28.5,22.375,0.7133333333333333,8.9,6.35,13.935,26.814999999999998,0.75
344,344,2017-09-29,18,42.5,8.333333333333334,11.5,29.5,24.0,0.6666666666666666,8.9,6.35,13.935,26.814999999999998,0.75
345,345,2017-09-29,18,42.5,8.333333333333334,11.5,29.5,24.0,0.6666666666666666,8.9,6.35,13.935,26.814999999999998,0.75
346,346,2017-09-30,12,23.5,9.666666666666666,12.0,37.0,21.939999999999998,0.3233333333333333,9.513333333333334,9.004999999999999,22.255000000000003,30.5,0.8033333333333333
347,347,2017-09-30,12,23.5,9.666666666666666,12.0,37.0,21.939999999999998,0.3233333333333333,9.513333333333334,9.004999999999999,22.255000000000003,30.5,0.8033333333333333
348,348,2017-09-30,12,23.5,9.666666666666666,12.0,37.0,21.939999999999998,0.3233333333333333,9.513333333333334,9.004999999999999,22.255000000000003,30.5,0.8033333333333333
349,349,2017-09-30,12,23.5,9.666666666666666,12.0,37.0,21.939999999999998,0.3233333333333333,9.513333333333334,9.004999999999999,22.255000000000003,30.5,0.8033333333333333
350,350,2017-09-30,12,23.5,9.666666666666666,12.0,37.0,21.939999999999998,0.3233333333333333,9.513333333333334,9.004999999999999,22.255000000000003,30.5,0.8033333333333333
351,351,2017-09-30,12,23.5,9.666666666666666,12.0,37.0,21.939999999999998,0.3233333333333333,9.513333333333334,9.004999999999999,22.255000000000003,30.5,0.8033333333333333
352,352,2017-09-30,13,31.0,11.0,6.5,27.5,22.685000000000002,0.35333333333333333,9.513333333333334,9.004999999999999,22.255000000000003,30.5,0.8033333333333333
353,353,2017-09-30,13,31.0,11.0,6.5,27.5,22.685000000000002,0.35333333333333333,9.513333333333334,9.004999999999999,22.255000000000003,30.5,0.8033333333333333
354,354,2017-09-30,13,31.0,11.0,6.5,27.5,22.685000000000002,0.35333333333333333,9.513333333333334,9.004999999999999,22.255000000000003,30.5,0.8033333333333333
355,355,2017-09-30,13,31.0,11.0,6.5,27.5,22.685000000000002,0.35333333333333333,9.513333333333334,9.004999999999999,22.255000000000003,30.5,0.8033333333333333
356,356,2017-09-30,13,31.0,11.0,6.5,27.5,22.685000000000002,0.35333333333333333,9.513333333333334,9.004999999999999,22.255000000000003,30.5,0.8033333333333333
357,357,2017-09-30,13,31.0,11.0,6.5,27.5,22.685000000000002,0.35333333333333333,9.513333333333334,9.004999999999999,22.255000000000003,30.5,0.8033333333333333
358,358,2017-09-30,13,31.0,11.0,6.5,27.5,22.685000000000002,0.35333333333333333,9.513333333333334,9.004999999999999,22.255000000000003,30.5,0.8033333333333333
359,359,2017-09-30,13,31.0,11.0,6.5,27.5,22.685000000000002,0.35333333333333333,9.513333333333334,9.004999999999999,22.255000000000003,30.5,0.8033333333333333
360,360,2017-09-30,13,31.0,11.0,6.5,27.5,22.685000000000002,0.35333333333333333,9.513333333333334,9.004999999999999,22.255000000000003,30.5,0.8033333333333333
361,361,2017-09-30,13,31.0,11.0,6.5,27.5,22.685000000000002,0.35333333333333333,9.513333333333334,9.004999999999999,22.255000000000003,30.5,0.8033333333333333
362,362,2017-09-30,13,31.0,11.0,6.5,27.5,22.685000000000002,0.35333333333333333,9.513333333333334,9.004999999999999,22.255000000000003,30.5,0.8033333333333333
363,363,2017-09-30,13,31.0,11.0,6.5,27.5,22.685000000000002,0.35333333333333333,9.513333333333334,9.004999999999999,22.255000000000003,30.5,0.8033333333333333
364,364,2017-09-30,14,39.5,10.666666666666666,9.0,27.0,23.0,0.4033333333333333,9.513333333333334,9.004999999999999,22.255000000000003,30.5,0.8033333333333333
365,365,2017-09-30,14,39.5,10.666666666666666,9.0,27.0,23.0,0.4033333333333333,9.513333333333334,9.004999999999999,22.255000000000003,30.5,0.8033333333333333
366,366,2017-09-30,14,39.5,10.666666666666666,9.0,27.0,23.0,0.4033333333333333,9.513333333333334,9.004999999999999,22.255000000000003,30.5,0.8033333333333333
367,367,2017-09-30,14,39.5,10.666666666666666,9.0,27.0,23.0,0.4033333333333333,9.513333333333334,9.004999999999999,22.255000000000003,30.5,0.8033333333333333
368,368,2017-09-30,14,39.5,10.666666666666666,9.0,27.0,23.0,0.4033333333333333,9.513333333333334,9.004999999999999,22.255000000000003,30.5,0.8033333333333333
369,369,2017-09-30,14,39.5,10.666666666666666,9.0,27.0,23.0,0.4033333333333333,9.513333333333334,9.004999999999999,22.255000000000003,30.5,0.8033333333333333
370,370,2017-09-30,14,39.5,10.666666666666666,9.0,27.0,23.0,0.4033333333333333,9.513333333333334,9.004999999999999,22.255000000000003,30.5,0.8033333333333333
371,371,2017-09-30,14,39.5,10.666666666666666,9.0,27.0,23.0,0.4033333333333333,9.513333333333334,9.004999999999999,22.255000000000003,30.5,0.8033333333333333
372,372,2017-09-30,14,39.5,10.666666666666666,9.0,27.0,23.0,0.4033333333333333,9.513333333333334,9.004999999999999,22.255000000000003,30.5,0.8033333333333333
373,373,2017-09-30,14,39.5,10.666666666666666,9.0,27.0,23.0,0.4033333333333333,9.513333333333334,9.004999999999999,22.255000000000003,30.5,0.8033333333333333
374,374,2017-09-30,15,44.0,10.666666666666666,9.0,22.5,24.125,0.4666666666666666,9.513333333333334,9.004999999999999,22.255000000000003,30.5,0.8033333333333333
375,375,2017-09-30,15,44.0,10.666666666666666,9.0,22.5,24.125,0.4666666666666666,9.513333333333334,9.004999999999999,22.255000000000003,30.5,0.8033333333333333
376,376,2017-09-30,15,44.0,10.666666666666666,9.0,22.5,24.125,0.4666666666666666,9.513333333333334,9.004999999999999,22.255000000000003,30.5,0.8033333333333333
377,377,2017-09-30,15,44.0,10.666666666666666,9.0,22.5,24.125,0.4666666666666666,9.513333333333334,9.004999999999999,22.255000000000003,30.5,0.8033333333333333
378,378,2017-09-30,15,44.0,10.666666666666666,9.0,22.5,24.125,0.4666666666666666,9.513333333333334,9.004999999999999,22.255000000000003,30.5,0.8033333333333333
379,379,2017-09-30,15,44.0,10.666666666666666,9.0,22.5,24.125,0.4666666666666666,9.513333333333334,9.004999999999999,22.255000000000003,30.5,0.8033333333333333
380,380,2017-09-30,15,44.0,10.666666666666666,9.0,22.5,24.125,0.4666666666666666,9.513333333333334,9.004999999999999,22.255000000000003,30.5,0.8033333333333333
381,381,2017-09-30,15,44.0,10.666666666666666,9.0,22.5,24.125,0.4666666666666666,9.513333333333334,9.004999999999999,22.255000000000003,30.5,0.8033333333333333
382,382,2017-09-30,16,45.0,12.666666666666666,10.0,24.0,26.13,0.5033333333333333,9.513333333333334,9.004999999999999,22.255000000000003,30.5,0.8033333333333333
383,383,2017-09-30,16,45.0,12.666666666666666,10.0,24.0,26.13,0.5033333333333333,9.513333333333334,9.004999999999999,22.255000000000003,30.5,0.8033333333333333
384,384,2017-09-30,16,45.0,12.666666666666666,10.0,24.0,26.13,0.5033333333333333,9.513333333333334,9.004999999999999,22.255000000000003,30.5,0.8033333333333333
385,385,2017-09-30,16,45.0,12.666666666666666,10.0,24.0,26.13,0.5033333333333333,9.513333333333334,9.004999999999999,22.255000000000003,30.5,0.8033333333333333
386,386,2017-09-30,16,45.0,12.666666666666666,10.0,24.0,26.13,0.5033333333333333,9.513333333333334,9.004999999999999,22.255000000000003,30.5,0.8033333333333333
387,387,2017-09-30,16,45.0,12.666666666666666,10.0,24.0,26.13,0.5033333333333333,9.513333333333334,9.004999999999999,22.255000000000003,30.5,0.8033333333333333
388,388,2017-09-30,16,45.0,12.666666666666666,10.0,24.0,26.13,0.5033333333333333,9.513333333333334,9.004999999999999,22.255000000000003,30.5,0.8033333333333333
389,389,2017-09-30,16,45.0,12.666666666666666,10.0,24.0,26.13,0.5033333333333333,9.513333333333334,9.004999999999999,22.255000000000003,30.5,0.8033333333333333
390,390,2017-09-30,16,45.0,12.666666666666666,10.0,24.0,26.13,0.5033333333333333,9.513333333333334,9.004999999999999,22.255000000000003,30.5,0.8033333333333333
391,391,2017-09-30,16,45.0,12.666666666666666,10.0,24.0,26.13,0.5033333333333333,9.513333333333334,9.004999999999999,22.255000000000003,30.5,0.8033333333333333
392,392,2017-09-30,16,45.0,12.666666666666666,10.0,24.0,26.13,0.5033333333333333,9.513333333333334,9.004999999999999,22.255000000000003,30.5,0.8033333333333333
393,393,2017-09-30,16,45.0,12.666666666666666,10.0,24.0,26.13,0.5033333333333333,9.513333333333334,9.004999999999999,22.255000000000003,30.5,0.8033333333333333
394,394,2017-09-30,17,33.0,10.333333333333334,8.0,21.5,29.0,0.51,9.513333333333334,9.004999999999999,22.255000000000003,30.5,0.8033333333333333
395,395,2017-09-30,17,33.0,10.333333333333334,8.0,21.5,29.0,0.51,9.513333333333334,9.004999999999999,22.255000000000003,30.5,0.8033333333333333
396,396,2017-09-30,18,34.5,10.333333333333334,11.5,25.5,29.815,0.52,9.513333333333334,9.004999999999999,22.255000000000003,30.5,0.8033333333333333
397,397,2017-09-30,18,34.5,10.333333333333334,11.5,25.5,29.815,0.52,9.513333333333334,9.004999999999999,22.255000000000003,30.5,0.8033333333333333
398,398,2017-09-30,18,34.5,10.333333333333334,11.5,25.5,29.815,0.52,9.513333333333334,9.004999999999999,22.255000000000003,30.5,0.8033333333333333
399,399,2017-09-30,20,54.0,11.666666666666666,12.5,28.5,25.75,0.5433333333333333,9.513333333333334,9.004999999999999,22.255000000000003,30.5,0.8033333333333333
400,400,2017-09-30,20,54.0,11.666666666666666,12.5,28.5,25.75,0.5433333333333333,9.513333333333334,9.004999999999999,22.255000000000003,30.5,0.8033333333333333
401,401,2017-10-01,11,41.5,11.0,9.0,17.0,2.565,0.49666666666666665,10.57,10.57,25.29,16.25,0.86
402,402,2017-10-01,12,42.5,11.666666666666666,10.5,19.0,2.565,0.5333333333333333,10.57,10.57,25.29,16.25,0.86
403,403,2017-10-01,12,42.5,11.666666666666666,10.5,19.0,2.565,0.5333333333333333,10.57,10.57,25.29,16.25,0.86
404,404,2017-10-01,12,42.5,11.666666666666666,10.5,19.0,2.565,0.5333333333333333,10.57,10.57,25.29,16.25,0.86
405,405,2017-10-01,13,38.0,13.333333333333334,11.0,30.5,2.685,0.57,10.57,10.57,25.29,16.25,0.86
406,406,2017-10-01,13,38.0,13.333333333333334,11.0,30.5,2.685,0.57,10.57,10.57,25.29,16.25,0.86
407,407,2017-10-01,13,38.0,13.333333333333334,11.0,30.5,2.685,0.57,10.57,10.57,25.29,16.25,0.86
408,408,2017-10-01,13,38.0,13.333333333333334,11.0,30.5,2.685,0.57,10.57,10.57,25.29,16.25,0.86
409,409,2017-10-01,13,38.0,13.333333333333334,11.0,30.5,2.685,0.57,10.57,10.57,25.29,16.25,0.86
410,410,2017-10-01,13,38.0,13.333333333333334,11.0,30.5,2.685,0.57,10.57,10.57,25.29,16.25,0.86
411,411,2017-10-01,14,36.5,13.0,12.5,40.5,3.44,0.6033333333333334,10.57,10.57,25.29,16.25,0.86
412,412,2017-10-01,14,36.5,13.0,12.5,40.5,3.44,0.6033333333333334,10.57,10.57,25.29,16.25,0.86
413,413,2017-10-01,14,36.5,13.0,12.5,40.5,3.44,0.6033333333333334,10.57,10.57,25.29,16.25,0.86
414,414,2017-10-01,14,36.5,13.0,12.5,40.5,3.44,0.6033333333333334,10.57,10.57,25.29,16.25,0.86
415,415,2017-10-01,14,36.5,13.0,12.5,40.5,3.44,0.6033333333333334,10.57,10.57,25.29,16.25,0.86
416,416,2017-10-01,14,36.5,13.0,12.5,40.5,3.44,0.6033333333333334,10.57,10.57,25.29,16.25,0.86
417,417,2017-10-01,14,36.5,13.0,12.5,40.5,3.44,0.6033333333333334,10.57,10.57,25.29,16.25,0.86
418,418,2017-10-01,15,27.5,13.333333333333334,11.0,33.0,5.25,0.6066666666666667,10.57,10.57,25.29,16.25,0.86
419,419,2017-10-01,15,27.5,13.333333333333334,11.0,33.0,5.25,0.6066666666666667,10.57,10.57,25.29,16.25,0.86
420,420,2017-10-01,15,27.5,13.333333333333334,11.0,33.0,5.25,0.6066666666666667,10.57,10.57,25.29,16.25,0.86
421,421,2017-10-01,16,37.5,11.666666666666666,11.5,36.5,7.44,0.6233333333333334,10.57,10.57,25.29,16.25,0.86
422,422,2017-10-01,16,37.5,11.666666666666666,11.5,36.5,7.44,0.6233333333333334,10.57,10.57,25.29,16.25,0.86
423,423,2017-10-01,16,37.5,11.666666666666666,11.5,36.5,7.44,0.6233333333333334,10.57,10.57,25.29,16.25,0.86
424,424,2017-10-01,16,37.5,11.666666666666666,11.5,36.5,7.44,0.6233333333333334,10.57,10.57,25.29,16.25,0.86
425,425,2017-10-01,16,37.5,11.666666666666666,11.5,36.5,7.44,0.6233333333333334,10.57,10.57,25.29,16.25,0.86
426,426,2017-10-01,16,37.5,11.666666666666666,11.5,36.5,7.44,0.6233333333333334,10.57,10.57,25.29,16.25,0.86
427,427,2017-10-01,16,37.5,11.666666666666666,11.5,36.5,7.44,0.6233333333333334,10.57,10.57,25.29,16.25,0.86
428,428,2017-10-01,17,38.5,14.333333333333334,11.5,35.5,10.315000000000001,0.62,10.57,10.57,25.29,16.25,0.86
429,429,2017-10-01,17,38.5,14.333333333333334,11.5,35.5,10.315000000000001,0.62,10.57,10.57,25.29,16.25,0.86
430,430,2017-10-01,17,38.5,14.333333333333334,11.5,35.5,10.315000000000001,0.62,10.57,10.57,25.29,16.25,0.86
431,431,2017-10-01,18,69.5,11.666666666666666,12.0,35.5,12.434999999999999,0.63,10.57,10.57,25.29,16.25,0.86
432,432,2017-10-01,18,69.5,11.666666666666666,12.0,35.5,12.434999999999999,0.63,10.57,10.57,25.29,16.25,0.86
433,433,2017-10-01,18,69.5,11.666666666666666,12.0,35.5,12.434999999999999,0.63,10.57,10.57,25.29,16.25,0.86
434,434,2017-10-01,18,69.5,11.666666666666666,12.0,35.5,12.434999999999999,0.63,10.57,10.57,25.29,16.25,0.86
435,435,2017-10-01,18,69.5,11.666666666666666,12.0,35.5,12.434999999999999,0.63,10.57,10.57,25.29,16.25,0.86
436,436,2017-10-01,19,84.5,12.666666666666666,20.5,55.5,13.375,0.6933333333333334,10.57,10.57,25.29,16.25,0.86
437,437,2017-10-01,20,94.0,14.0,22.0,57.5,14.435,0.7399999999999999,10.57,10.57,25.29,16.25,0.86
438,438,2017-10-02,10,53.5,12.333333333333334,22.5,35.5,2.75,0.68,23.80666666666667,12.66,26.245,11.815,1.6966666666666665
439,439,2017-10-02,11,48.5,11.0,15.5,22.0,2.88,0.69,23.80666666666667,12.66,26.245,11.815,1.6966666666666665
440,440,2017-10-02,12,45.5,11.333333333333334,20.0,30.5,2.935,0.7466666666666667,23.80666666666667,12.66,26.245,11.815,1.6966666666666665
441,441,2017-10-02,12,45.5,11.333333333333334,20.0,30.5,2.935,0.7466666666666667,23.80666666666667,12.66,26.245,11.815,1.6966666666666665
442,442,2017-10-02,12,45.5,11.333333333333334,20.0,30.5,2.935,0.7466666666666667,23.80666666666667,12.66,26.245,11.815,1.6966666666666665
443,443,2017-10-02,13,73.5,13.666666666666666,18.5,31.0,3.0,0.9133333333333332,23.80666666666667,12.66,26.245,11.815,1.6966666666666665
444,444,2017-10-02,13,73.5,13.666666666666666,18.5,31.0,3.0,0.9133333333333332,23.80666666666667,12.66,26.245,11.815,1.6966666666666665
445,445,2017-10-02,14,60.0,15.0,19.5,28.0,3.31,1.05,23.80666666666667,12.66,26.245,11.815,1.6966666666666665
446,446,2017-10-02,14,60.0,15.0,19.5,28.0,3.31,1.05,23.80666666666667,12.66,26.245,11.815,1.6966666666666665
447,447,2017-10-02,15,56.5,10.333333333333334,21.666666666666668,30.333333333333332,2.685,1.1566666666666665,23.80666666666667,12.66,26.245,11.815,1.6966666666666665
448,448,2017-10-02,15,56.5,10.333333333333334,21.666666666666668,30.333333333333332,2.685,1.1566666666666665,23.80666666666667,12.66,26.245,11.815,1.6966666666666665
449,449,2017-10-02,15,56.5,10.333333333333334,21.666666666666668,30.333333333333332,2.685,1.1566666666666665,23.80666666666667,12.66,26.245,11.815,1.6966666666666665
450,450,2017-10-02,16,46.5,13.666666666666666,13.333333333333334,18.666666666666668,3.435,1.2633333333333334,23.80666666666667,12.66,26.245,11.815,1.6966666666666665
451,451,2017-10-02,16,46.5,13.666666666666666,13.333333333333334,18.666666666666668,3.435,1.2633333333333334,23.80666666666667,12.66,26.245,11.815,1.6966666666666665
452,452,2017-10-02,17,51.0,12.666666666666666,15.666666666666666,20.666666666666668,3.94,1.3133333333333332,23.80666666666667,12.66,26.245,11.815,1.6966666666666665
453,453,2017-10-02,17,51.0,12.666666666666666,15.666666666666666,20.666666666666668,3.94,1.3133333333333332,23.80666666666667,12.66,26.245,11.815,1.6966666666666665
454,454,2017-10-02,18,49.5,14.0,15.0,21.333333333333332,4.37,1.336666666666667,23.80666666666667,12.66,26.245,11.815,1.6966666666666665
455,455,2017-10-02,19,74.5,15.333333333333334,17.333333333333332,22.666666666666668,4.6899999999999995,1.3966666666666667,23.80666666666667,12.66,26.245,11.815,1.6966666666666665
456,456,2017-10-02,20,60.5,15.0,17.666666666666668,23.333333333333332,4.8149999999999995,1.4766666666666666,23.80666666666667,12.66,26.245,11.815,1.6966666666666665
457,457,2017-10-02,20,60.5,15.0,17.666666666666668,23.333333333333332,4.8149999999999995,1.4766666666666666,23.80666666666667,12.66,26.245,11.815,1.6966666666666665
458,458,2017-10-03,11,30.5,10.666666666666666,11.0,32.0,26.560000000000002,0.44333333333333336,22.973333333333333,9.54,17.03,35.81,1.2766666666666666
459,459,2017-10-03,12,25.5,9.333333333333334,8.333333333333334,25.333333333333332,29.880000000000003,0.45,22.973333333333333,9.54,17.03,35.81,1.2766666666666666
460,460,2017-10-03,12,25.5,9.333333333333334,8.333333333333334,25.333333333333332,29.880000000000003,0.45,22.973333333333333,9.54,17.03,35.81,1.2766666666666666
461,461,2017-10-03,13,35.5,11.666666666666666,9.666666666666666,32.666666666666664,32.5,0.48,22.973333333333333,9.54,17.03,35.81,1.2766666666666666
462,462,2017-10-03,13,35.5,11.666666666666666,9.666666666666666,32.666666666666664,32.5,0.48,22.973333333333333,9.54,17.03,35.81,1.2766666666666666
463,463,2017-10-03,13,35.5,11.666666666666666,9.666666666666666,32.666666666666664,32.5,0.48,22.973333333333333,9.54,17.03,35.81,1.2766666666666666
464,464,2017-10-03,13,35.5,11.666666666666666,9.666666666666666,32.666666666666664,32.5,0.48,22.973333333333333,9.54,17.03,35.81,1.2766666666666666
465,465,2017-10-03,13,35.5,11.666666666666666,9.666666666666666,32.666666666666664,32.5,0.48,22.973333333333333,9.54,17.03,35.81,1.2766666666666666
466,466,2017-10-03,14,69.5,13.666666666666666,16.0,49.333333333333336,32.81,0.5533333333333333,22.973333333333333,9.54,17.03,35.81,1.2766666666666666
467,467,2017-10-03,14,69.5,13.666666666666666,16.0,49.333333333333336,32.81,0.5533333333333333,22.973333333333333,9.54,17.03,35.81,1.2766666666666666
468,468,2017-10-03,14,69.5,13.666666666666666,16.0,49.333333333333336,32.81,0.5533333333333333,22.973333333333333,9.54,17.03,35.81,1.2766666666666666
469,469,2017-10-03,14,69.5,13.666666666666666,16.0,49.333333333333336,32.81,0.5533333333333333,22.973333333333333,9.54,17.03,35.81,1.2766666666666666
470,470,2017-10-03,14,69.5,13.666666666666666,16.0,49.333333333333336,32.81,0.5533333333333333,22.973333333333333,9.54,17.03,35.81,1.2766666666666666
471,471,2017-10-03,15,45.0,11.0,16.0,39.666666666666664,30.75,0.5933333333333333,22.973333333333333,9.54,17.03,35.81,1.2766666666666666
472,472,2017-10-03,15,45.0,11.0,16.0,39.666666666666664,30.75,0.5933333333333333,22.973333333333333,9.54,17.03,35.81,1.2766666666666666
473,473,2017-10-03,16,40.0,14.333333333333334,11.0,29.0,33.0,0.6033333333333334,22.973333333333333,9.54,17.03,35.81,1.2766666666666666
474,474,2017-10-03,16,40.0,14.333333333333334,11.0,29.0,33.0,0.6033333333333334,22.973333333333333,9.54,17.03,35.81,1.2766666666666666
475,475,2017-10-03,16,40.0,14.333333333333334,11.0,29.0,33.0,0.6033333333333334,22.973333333333333,9.54,17.03,35.81,1.2766666666666666
476,476,2017-10-03,16,40.0,14.333333333333334,11.0,29.0,33.0,0.6033333333333334,22.973333333333333,9.54,17.03,35.81,1.2766666666666666
477,477,2017-10-03,17,25.5,14.333333333333334,14.0,33.666666666666664,35.31,0.54,22.973333333333333,9.54,17.03,35.81,1.2766666666666666
478,478,2017-10-03,17,25.5,14.333333333333334,14.0,33.666666666666664,35.31,0.54,22.973333333333333,9.54,17.03,35.81,1.2766666666666666
479,479,2017-10-03,17,25.5,14.333333333333334,14.0,33.666666666666664,35.31,0.54,22.973333333333333,9.54,17.03,35.81,1.2766666666666666
480,480,2017-10-03,18,39.0,12.666666666666666,17.333333333333332,44.333333333333336,34.12,0.5466666666666667,22.973333333333333,9.54,17.03,35.81,1.2766666666666666
481,481,2017-10-03,19,36.5,12.666666666666666,12.333333333333334,39.0,30.935,0.5766666666666667,22.973333333333333,9.54,17.03,35.81,1.2766666666666666
482,482,2017-10-04,10,54.5,9.0,10.0,14.333333333333334,20.189999999999998,0.5133333333333333,19.80666666666667,9.893333333333333,24.13333333333333,24.63,0.8166666666666668
483,483,2017-10-04,13,36.0,9.0,13.0,23.0,19.185,0.6033333333333334,19.80666666666667,9.893333333333333,24.13333333333333,24.63,0.8166666666666668
484,484,2017-10-04,14,41.5,8.0,12.333333333333334,21.666666666666668,18.25,0.68,19.80666666666667,9.893333333333333,24.13333333333333,24.63,0.8166666666666668
485,485,2017-10-04,14,41.5,8.0,12.333333333333334,21.666666666666668,18.25,0.68,19.80666666666667,9.893333333333333,24.13333333333333,24.63,0.8166666666666668
486,486,2017-10-04,15,38.0,8.666666666666666,11.0,26.666666666666668,18.375,0.7066666666666666,19.80666666666667,9.893333333333333,24.13333333333333,24.63,0.8166666666666668
487,487,2017-10-04,15,38.0,8.666666666666666,11.0,26.666666666666668,18.375,0.7066666666666666,19.80666666666667,9.893333333333333,24.13333333333333,24.63,0.8166666666666668
488,488,2017-10-04,15,38.0,8.666666666666666,11.0,26.666666666666668,18.375,0.7066666666666666,19.80666666666667,9.893333333333333,24.13333333333333,24.63,0.8166666666666668
489,489,2017-10-04,15,38.0,8.666666666666666,11.0,26.666666666666668,18.375,0.7066666666666666,19.80666666666667,9.893333333333333,24.13333333333333,24.63,0.8166666666666668
490,490,2017-10-04,16,46.5,9.666666666666666,14.666666666666666,50.666666666666664,19.5,0.7366666666666667,19.80666666666667,9.893333333333333,24.13333333333333,24.63,0.8166666666666668
491,491,2017-10-04,16,46.5,9.666666666666666,14.666666666666666,50.666666666666664,19.5,0.7366666666666667,19.80666666666667,9.893333333333333,24.13333333333333,24.63,0.8166666666666668
492,492,2017-10-04,17,39.5,7.666666666666667,13.666666666666666,30.333333333333332,20.185000000000002,0.71,19.80666666666667,9.893333333333333,24.13333333333333,24.63,0.8166666666666668
493,493,2017-10-05,12,32.0,7.333333333333333,20.0,48.0,28.189999999999998,0.37333333333333335,7.946666666666666,9.576666666666666,23.37,32.815,0.71
494,494,2017-10-05,12,32.0,7.333333333333333,20.0,48.0,28.189999999999998,0.37333333333333335,7.946666666666666,9.576666666666666,23.37,32.815,0.71
495,495,2017-10-05,12,32.0,7.333333333333333,20.0,48.0,28.189999999999998,0.37333333333333335,7.946666666666666,9.576666666666666,23.37,32.815,0.71
496,496,2017-10-05,13,42.5,8.0,17.0,44.0,26.625,0.41333333333333333,7.946666666666666,9.576666666666666,23.37,32.815,0.71
497,497,2017-10-05,13,42.5,8.0,17.0,44.0,26.625,0.41333333333333333,7.946666666666666,9.576666666666666,23.37,32.815,0.71
498,498,2017-10-05,13,42.5,8.0,17.0,44.0,26.625,0.41333333333333333,7.946666666666666,9.576666666666666,23.37,32.815,0.71
499,499,2017-10-05,14,24.0,9.333333333333334,13.333333333333334,31.0,26.814999999999998,0.44,7.946666666666666,9.576666666666666,23.37,32.815,0.71
500,500,2017-10-05,15,31.0,10.666666666666666,16.0,37.333333333333336,27.185000000000002,0.45333333333333337,7.946666666666666,9.576666666666666,23.37,32.815,0.71
501,501,2017-10-05,15,31.0,10.666666666666666,16.0,37.333333333333336,27.185000000000002,0.45333333333333337,7.946666666666666,9.576666666666666,23.37,32.815,0.71
502,502,2017-10-05,15,31.0,10.666666666666666,16.0,37.333333333333336,27.185000000000002,0.45333333333333337,7.946666666666666,9.576666666666666,23.37,32.815,0.71
503,503,2017-10-05,15,31.0,10.666666666666666,16.0,37.333333333333336,27.185000000000002,0.45333333333333337,7.946666666666666,9.576666666666666,23.37,32.815,0.71
504,504,2017-10-05,15,31.0,10.666666666666666,16.0,37.333333333333336,27.185000000000002,0.45333333333333337,7.946666666666666,9.576666666666666,23.37,32.815,0.71
505,505,2017-10-05,16,35.0,10.333333333333334,16.666666666666668,44.666666666666664,27.13,0.4733333333333334,7.946666666666666,9.576666666666666,23.37,32.815,0.71
506,506,2017-10-05,16,35.0,10.333333333333334,16.666666666666668,44.666666666666664,27.13,0.4733333333333334,7.946666666666666,9.576666666666666,23.37,32.815,0.71
507,507,2017-10-05,17,41.0,10.0,20.0,60.0,27.314999999999998,0.5,7.946666666666666,9.576666666666666,23.37,32.815,0.71
508,508,2017-10-05,17,41.0,10.0,20.0,60.0,27.314999999999998,0.5,7.946666666666666,9.576666666666666,23.37,32.815,0.71
509,509,2017-10-05,18,31.0,9.333333333333334,12.333333333333334,31.0,28.435000000000002,0.4766666666666666,7.946666666666666,9.576666666666666,23.37,32.815,0.71
510,510,2017-10-05,18,31.0,9.333333333333334,12.333333333333334,31.0,28.435000000000002,0.4766666666666666,7.946666666666666,9.576666666666666,23.37,32.815,0.71
511,511,2017-10-06,12,30.0,11.0,11.666666666666666,36.666666666666664,7.56,0.7366666666666667,11.486666666666666,14.85666666666667,37.919999999999995,34.69,0.8833333333333333
512,512,2017-10-06,13,27.0,12.333333333333334,12.666666666666666,34.0,12.309999999999999,0.71,11.486666666666666,14.85666666666667,37.919999999999995,34.69,0.8833333333333333
513,513,2017-10-06,13,27.0,12.333333333333334,12.666666666666666,34.0,12.309999999999999,0.71,11.486666666666666,14.85666666666667,37.919999999999995,34.69,0.8833333333333333
514,514,2017-10-06,14,23.5,14.666666666666666,17.0,41.0,17.625,0.6833333333333332,11.486666666666666,14.85666666666667,37.919999999999995,34.69,0.8833333333333333
515,515,2017-10-06,14,23.5,14.666666666666666,17.0,41.0,17.625,0.6833333333333332,11.486666666666666,14.85666666666667,37.919999999999995,34.69,0.8833333333333333
516,516,2017-10-06,14,23.5,14.666666666666666,17.0,41.0,17.625,0.6833333333333332,11.486666666666666,14.85666666666667,37.919999999999995,34.69,0.8833333333333333
517,517,2017-10-06,14,23.5,14.666666666666666,17.0,41.0,17.625,0.6833333333333332,11.486666666666666,14.85666666666667,37.919999999999995,34.69,0.8833333333333333
518,518,2017-10-06,14,23.5,14.666666666666666,17.0,41.0,17.625,0.6833333333333332,11.486666666666666,14.85666666666667,37.919999999999995,34.69,0.8833333333333333
519,519,2017-10-06,15,35.0,14.666666666666666,18.0,40.666666666666664,22.685000000000002,0.68,11.486666666666666,14.85666666666667,37.919999999999995,34.69,0.8833333333333333
520,520,2017-10-06,15,35.0,14.666666666666666,18.0,40.666666666666664,22.685000000000002,0.68,11.486666666666666,14.85666666666667,37.919999999999995,34.69,0.8833333333333333
521,521,2017-10-06,15,35.0,14.666666666666666,18.0,40.666666666666664,22.685000000000002,0.68,11.486666666666666,14.85666666666667,37.919999999999995,34.69,0.8833333333333333
522,522,2017-10-06,15,35.0,14.666666666666666,18.0,40.666666666666664,22.685000000000002,0.68,11.486666666666666,14.85666666666667,37.919999999999995,34.69,0.8833333333333333
523,523,2017-10-06,15,35.0,14.666666666666666,18.0,40.666666666666664,22.685000000000002,0.68,11.486666666666666,14.85666666666667,37.919999999999995,34.69,0.8833333333333333
524,524,2017-10-06,15,35.0,14.666666666666666,18.0,40.666666666666664,22.685000000000002,0.68,11.486666666666666,14.85666666666667,37.919999999999995,34.69,0.8833333333333333
525,525,2017-10-06,16,40.5,17.666666666666668,21.0,49.0,26.439999999999998,0.6366666666666666,11.486666666666666,14.85666666666667,37.919999999999995,34.69,0.8833333333333333
526,526,2017-10-06,16,40.5,17.666666666666668,21.0,49.0,26.439999999999998,0.6366666666666666,11.486666666666666,14.85666666666667,37.919999999999995,34.69,0.8833333333333333
527,527,2017-10-06,17,40.0,18.333333333333332,21.333333333333332,55.333333333333336,29.619999999999997,0.59,11.486666666666666,14.85666666666667,37.919999999999995,34.69,0.8833333333333333
528,528,2017-10-06,17,40.0,18.333333333333332,21.333333333333332,55.333333333333336,29.619999999999997,0.59,11.486666666666666,14.85666666666667,37.919999999999995,34.69,0.8833333333333333
529,529,2017-10-06,18,41.5,17.333333333333332,19.0,46.0,32.565,0.5533333333333333,11.486666666666666,14.85666666666667,37.919999999999995,34.69,0.8833333333333333
530,530,2017-10-06,19,51.5,17.0,19.0,36.666666666666664,34.69,0.53,11.486666666666666,14.85666666666667,37.919999999999995,34.69,0.8833333333333333
531,531,2017-10-07,12,48.0,10.333333333333334,13.666666666666666,45.333333333333336,11.13,0.62,12.89,19.23,46.370000000000005,44.0,1.0833333333333333
532,532,2017-10-07,15,37.5,16.666666666666668,16.333333333333332,40.666666666666664,26.88,0.6533333333333333,12.89,19.23,46.370000000000005,44.0,1.0833333333333333
533,533,2017-10-07,15,37.5,16.666666666666668,16.333333333333332,40.666666666666664,26.88,0.6533333333333333,12.89,19.23,46.370000000000005,44.0,1.0833333333333333
534,534,2017-10-07,16,30.5,20.0,21.666666666666668,46.0,33.25,0.6133333333333334,12.89,19.23,46.370000000000005,44.0,1.0833333333333333
535,535,2017-10-07,17,34.0,22.0,20.333333333333332,47.333333333333336,38.56,0.5733333333333334,12.89,19.23,46.370000000000005,44.0,1.0833333333333333
536,536,2017-10-07,17,34.0,22.0,20.333333333333332,47.333333333333336,38.56,0.5733333333333334,12.89,19.23,46.370000000000005,44.0,1.0833333333333333
537,537,2017-10-07,18,30.0,22.333333333333332,19.333333333333332,42.666666666666664,43.625,0.5499999999999999,12.89,19.23,46.370000000000005,44.0,1.0833333333333333
538,538,2017-10-07,18,30.0,22.333333333333332,19.333333333333332,42.666666666666664,43.625,0.5499999999999999,12.89,19.23,46.370000000000005,44.0,1.0833333333333333
539,539,2017-10-07,18,30.0,22.333333333333332,19.333333333333332,42.666666666666664,43.625,0.5499999999999999,12.89,19.23,46.370000000000005,44.0,1.0833333333333333
540,540,2017-10-07,19,73.5,17.666666666666668,32.333333333333336,71.0,43.56,0.5933333333333334,12.89,19.23,46.370000000000005,44.0,1.0833333333333333
541,541,2017-10-08,11,42.0,11.0,16.0,40.666666666666664,8.125,0.7966666666666667,15.153333333333334,23.89,53.00333333333333,53.435,1.4633333333333332
542,542,2017-10-08,12,60.0,15.0,18.333333333333332,45.666666666666664,11.935,0.7666666666666666,15.153333333333334,23.89,53.00333333333333,53.435,1.4633333333333332
543,543,2017-10-08,13,29.0,13.0,12.333333333333334,31.0,18.69,0.7200000000000001,15.153333333333334,23.89,53.00333333333333,53.435,1.4633333333333332
544,544,2017-10-08,14,33.0,17.333333333333332,13.666666666666666,36.0,25.880000000000003,0.6733333333333333,15.153333333333334,23.89,53.00333333333333,53.435,1.4633333333333332
545,545,2017-10-08,14,33.0,17.333333333333332,13.666666666666666,36.0,25.880000000000003,0.6733333333333333,15.153333333333334,23.89,53.00333333333333,53.435,1.4633333333333332
546,546,2017-10-08,14,33.0,17.333333333333332,13.666666666666666,36.0,25.880000000000003,0.6733333333333333,15.153333333333334,23.89,53.00333333333333,53.435,1.4633333333333332
547,547,2017-10-08,14,33.0,17.333333333333332,13.666666666666666,36.0,25.880000000000003,0.6733333333333333,15.153333333333334,23.89,53.00333333333333,53.435,1.4633333333333332
548,548,2017-10-08,15,43.5,21.333333333333332,15.333333333333334,38.666666666666664,31.875,0.66,15.153333333333334,23.89,53.00333333333333,53.435,1.4633333333333332
549,549,2017-10-08,15,43.5,21.333333333333332,15.333333333333334,38.666666666666664,31.875,0.66,15.153333333333334,23.89,53.00333333333333,53.435,1.4633333333333332
550,550,2017-10-08,15,43.5,21.333333333333332,15.333333333333334,38.666666666666664,31.875,0.66,15.153333333333334,23.89,53.00333333333333,53.435,1.4633333333333332
551,551,2017-10-08,15,43.5,21.333333333333332,15.333333333333334,38.666666666666664,31.875,0.66,15.153333333333334,23.89,53.00333333333333,53.435,1.4633333333333332
552,552,2017-10-08,15,43.5,21.333333333333332,15.333333333333334,38.666666666666664,31.875,0.66,15.153333333333334,23.89,53.00333333333333,53.435,1.4633333333333332
553,553,2017-10-08,16,33.5,25.333333333333332,13.0,32.333333333333336,39.0,0.6133333333333334,15.153333333333334,23.89,53.00333333333333,53.435,1.4633333333333332
554,554,2017-10-08,16,33.5,25.333333333333332,13.0,32.333333333333336,39.0,0.6133333333333334,15.153333333333334,23.89,53.00333333333333,53.435,1.4633333333333332
555,555,2017-10-08,16,33.5,25.333333333333332,13.0,32.333333333333336,39.0,0.6133333333333334,15.153333333333334,23.89,53.00333333333333,53.435,1.4633333333333332
556,556,2017-10-08,16,33.5,25.333333333333332,13.0,32.333333333333336,39.0,0.6133333333333334,15.153333333333334,23.89,53.00333333333333,53.435,1.4633333333333332
557,557,2017-10-08,16,33.5,25.333333333333332,13.0,32.333333333333336,39.0,0.6133333333333334,15.153333333333334,23.89,53.00333333333333,53.435,1.4633333333333332
558,558,2017-10-08,17,32.0,25.333333333333332,17.666666666666668,38.0,46.25,0.5533333333333333,15.153333333333334,23.89,53.00333333333333,53.435,1.4633333333333332
559,559,2017-10-08,17,32.0,25.333333333333332,17.666666666666668,38.0,46.25,0.5533333333333333,15.153333333333334,23.89,53.00333333333333,53.435,1.4633333333333332
560,560,2017-10-08,17,32.0,25.333333333333332,17.666666666666668,38.0,46.25,0.5533333333333333,15.153333333333334,23.89,53.00333333333333,53.435,1.4633333333333332
561,561,2017-10-08,17,32.0,25.333333333333332,17.666666666666668,38.0,46.25,0.5533333333333333,15.153333333333334,23.89,53.00333333333333,53.435,1.4633333333333332
562,562,2017-10-08,18,27.0,22.666666666666668,19.0,38.666666666666664,52.69,0.5333333333333333,15.153333333333334,23.89,53.00333333333333,53.435,1.4633333333333332
563,563,2017-10-08,18,27.0,22.666666666666668,19.0,38.666666666666664,52.69,0.5333333333333333,15.153333333333334,23.89,53.00333333333333,53.435,1.4633333333333332
564,564,2017-10-09,12,40.5,21.333333333333332,18.5,51.0,13.375,0.66,31.039999999999996,26.270000000000003,62.834999999999994,46.625,1.42
565,565,2017-10-09,14,52.0,24.0,27.0,98.5,23.935,0.6466666666666666,31.039999999999996,26.270000000000003,62.834999999999994,46.625,1.42
566,566,2017-10-09,15,50.0,27.0,23.0,67.5,30.060000000000002,0.6333333333333333,31.039999999999996,26.270000000000003,62.834999999999994,46.625,1.42
567,567,2017-10-09,15,50.0,27.0,23.0,67.5,30.060000000000002,0.6333333333333333,31.039999999999996,26.270000000000003,62.834999999999994,46.625,1.42
568,568,2017-10-09,16,44.5,34.666666666666664,20.0,55.5,36.5,0.61,31.039999999999996,26.270000000000003,62.834999999999994,46.625,1.42
569,569,2017-10-09,17,38.0,33.0,23.5,57.5,41.875,0.5666666666666667,31.039999999999996,26.270000000000003,62.834999999999994,46.625,1.42
570,570,2017-10-09,17,38.0,33.0,23.5,57.5,41.875,0.5666666666666667,31.039999999999996,26.270000000000003,62.834999999999994,46.625,1.42
571,571,2017-10-09,18,60.5,31.333333333333332,28.5,83.5,45.56,0.5766666666666667,31.039999999999996,26.270000000000003,62.834999999999994,46.625,1.42
572,572,2017-10-09,19,68.5,28.0,29.5,75.0,46.625,0.66,31.039999999999996,26.270000000000003,62.834999999999994,46.625,1.42
