"INT_DATE","INT_START","STRATUM","COUNTRY","ID","AGE","RESPSEX","RESEMPL","RESPPOB","RESPMAR","TRUCRTS","TRUPARL","TRUEXEC","TRUPRES"
2017-09-22,1960-01-01 14:51:00,1,3,2110059001,51,1,1,1,2,1,1,1,4
2017-09-22,1960-01-01 15:27:00,1,3,2110059002,66,2,0,1,2,1,1,1,4
2017-09-22,1960-01-01 15:56:00,1,3,2110059004,40,2,0,3,2,1,1,3,3
2017-09-22,1960-01-01 16:25:00,1,3,302038002,39,2,0,3,2,2,3,3,3
2017-09-22,1960-01-01 16:27:00,1,3,2110059005,58,2,0,1,2,2,1,2,2
2017-09-22,1960-01-01 17:13:00,1,3,1909066004,27,2,1,2,4,1,1,2,3
2017-09-22,1960-01-01 17:47:00,1,3,302038004,32,2,0,2,2,2,2,4,3
2017-09-22,1960-01-01 18:11:00,1,3,1909066006,48,1,0,1,1,1,2,1,2
2017-09-22,1960-01-01 19:02:00,1,3,1909066007,59,1,1,2,4,1,1,1,4
2017-09-23,1960-01-01 11:55:00,1,3,2010023002,61,2,0,2,4,4,4,4,4
2017-09-23,1960-01-01 12:43:00,1,3,2010023003,47,2,0,2,4,4,4,4,4
2017-09-23,1960-01-01 13:31:00,1,3,2010023005,44,2,1,2,4,2,3,3,4
2017-09-23,1960-01-01 13:31:00,1,3,1909066009,74,2,0,3,4,1,4,4,3
2017-09-23,1960-01-01 13:37:00,1,3,2110059010,30,1,1,4,4,4,3,3,3
2017-09-23,1960-01-01 13:38:00,1,3,1306062001,49,1,0,3,2,1,1,1,1
2017-09-23,1960-01-01 13:59:00,1,3,1006106001,36,1,1,3,4,1,2,1,1
2017-09-23,1960-01-01 14:17:00,1,3,2110059011,31,1,1,3,2,-1,3,2,3
2017-09-23,1960-01-01 14:21:00,1,3,2210080006,59,1,1,3,2,2,3,3,3
2017-09-23,1960-01-01 14:29:00,1,3,2010023006,34,2,0,2,3,4,4,4,4
2017-09-23,1960-01-01 14:31:00,1,3,1909066012,55,2,1,2,4,1,-1,3,4
2017-09-23,1960-01-01 14:33:00,1,3,1306062002,64,1,1,3,2,3,3,2,4
2017-09-23,1960-01-01 14:53:00,1,3,2110068016,19,1,0,4,1,4,4,4,3
2017-09-23,1960-01-01 15:00:00,1,3,2110039002,23,1,0,1,1,4,1,1,3
2017-09-23,1960-01-01 15:00:00,1,3,1909066013,28,2,1,3,2,2,1,2,2
2017-09-23,1960-01-01 15:05:00,1,3,1005030003,26,2,0,3,5,3,3,3,4
2017-09-23,1960-01-01 15:12:00,1,3,1006106005,28,1,0,3,1,1,1,1,4
2017-09-23,1960-01-01 15:16:00,1,3,2210080007,64,2,1,3,1,1,1,1,3
2017-09-23,1960-01-01 15:18:00,1,3,2110059013,70,2,0,3,8,4,2,3,2
2017-09-23,1960-01-01 15:38:00,1,3,2210080001,55,2,0,3,1,1,1,1,4
2017-09-23,1960-01-01 15:39:00,1,3,302038012,53,2,0,2,2,3,1,4,2
2017-09-23,1960-01-01 15:54:00,1,3,1005030005,27,2,0,3,4,2,3,3,3
2017-09-23,1960-01-01 16:08:00,1,3,2110039004,66,2,0,3,5,-1,2,3,3
2017-09-23,1960-01-01 16:08:00,1,3,2010013004,62,2,1,1,2,2,2,3,2
2017-09-23,1960-01-01 16:27:00,1,3,1306062009,33,2,-3,1,4,4,-1,4,4
2017-09-23,1960-01-01 16:32:00,1,3,2210080004,56,2,0,3,2,3,3,5,5
2017-09-23,1960-01-01 16:39:00,1,3,302038015,38,2,1,3,2,2,2,2,4
2017-09-23,1960-01-01 17:06:00,1,3,1005030014,70,2,0,3,4,1,1,1,1
2017-09-23,1960-01-01 17:09:00,1,3,1006106017,34,2,0,3,6,1,1,2,3
2017-09-23,1960-01-01 17:12:00,1,3,2210080005,61,2,1,3,1,1,2,1,4
2017-09-23,1960-01-01 17:23:00,1,3,2010013005,28,2,1,3,8,2,3,3,3
2017-09-23,1960-01-01 17:31:00,1,3,2110039005,51,2,0,1,8,1,-1,1,1
2017-09-23,1960-01-01 17:58:00,1,3,302038017,70,1,0,2,2,3,3,3,3
2017-09-23,1960-01-01 17:59:00,1,3,1006106019,50,2,1,3,2,3,3,3,5
2017-09-23,1960-01-01 18:13:00,1,3,2110039006,29,2,0,3,2,5,4,3,3
2017-09-23,1960-01-01 18:16:00,1,3,1306062010,54,2,0,3,2,3,3,3,5
2017-09-23,1960-01-01 18:19:00,1,3,2010013007,37,2,0,3,2,4,4,4,4
2017-09-23,1960-01-01 18:55:00,1,3,2110039008,20,1,0,3,1,3,4,4,4
2017-09-23,1960-01-01 18:58:00,1,3,1006106021,58,2,0,1,4,4,4,4,4
2017-09-23,1960-01-01 19:26:00,1,3,1709018001,32,2,1,3,7,2,1,1,1
2017-09-23,1960-01-01 19:36:00,1,3,2110039001,33,1,1,3,2,4,3,3,3
2017-09-24,1960-01-01 11:11:00,1,3,2110039009,39,2,0,3,5,2,2,2,3
2017-09-24,1960-01-01 11:16:00,1,3,2010023009,52,1,1,2,4,4,4,4,4
2017-09-24,1960-01-01 11:24:00,1,3,1106078001,85,1,0,3,2,4,2,2,4
2017-09-24,1960-01-01 12:13:00,1,3,2110059008,27,1,1,2,3,3,3,3,3
2017-09-24,1960-01-01 12:32:00,1,3,2110039011,34,1,1,4,3,3,1,1,3
2017-09-24,1960-01-01 12:36:00,1,3,1709001001,75,2,0,4,8,2,3,3,4
2017-09-24,1960-01-01 12:40:00,1,3,1106078005,60,1,1,3,2,2,2,2,2
2017-09-24,1960-01-01 12:50:00,1,3,2110059014,27,2,0,2,3,1,2,2,2
2017-09-24,1960-01-01 12:54:00,1,3,1006106016,37,1,0,1,4,4,1,2,4
2017-09-24,1960-01-01 13:01:00,1,3,403042001,52,1,0,2,6,3,3,3,3
2017-09-24,1960-01-01 13:22:00,1,3,1106078006,54,2,1,1,2,2,2,2,2
2017-09-24,1960-01-01 13:27:00,1,3,2110039014,24,1,0,3,1,1,1,1,1
2017-09-24,1960-01-01 13:28:00,1,3,2110059015,21,1,1,1,1,2,2,3,3
2017-09-24,1960-01-01 13:36:00,1,3,1306062012,35,1,1,3,4,3,1,3,3
2017-09-24,1960-01-01 13:42:00,1,3,2110065008,84,2,0,2,8,1,1,1,2
2017-09-24,1960-01-01 13:43:00,1,3,1306067003,62,2,0,3,8,2,2,2,2
2017-09-24,1960-01-01 13:47:00,1,3,403042003,52,2,0,1,6,1,1,1,4
2017-09-24,1960-01-01 14:04:00,1,3,2010023014,47,2,1,2,1,3,3,3,3
2017-09-24,1960-01-01 14:07:00,1,3,2110059016,61,1,0,2,6,3,2,3,3
2017-09-24,1960-01-01 14:15:00,1,3,2110039017,43,2,0,3,4,1,2,3,3
2017-09-24,1960-01-01 14:18:00,1,3,1206049001,30,2,1,3,4,3,3,3,4
2017-09-24,1960-01-01 14:25:00,1,3,1709001006,53,2,0,3,8,-1,2,2,4
2017-09-24,1960-01-01 14:29:00,1,3,1106078009,21,2,0,1,1,3,3,3,2
2017-09-24,1960-01-01 14:37:00,1,3,2110059017,55,2,1,2,1,3,3,2,3
2017-09-24,1960-01-01 14:43:00,1,3,1909066015,31,2,0,3,4,4,4,4,3
2017-09-24,1960-01-01 14:43:00,1,3,1809039005,41,2,0,3,4,3,1,3,3
2017-09-24,1960-01-01 14:48:00,1,3,403042009,54,1,1,1,2,5,5,5,5
2017-09-24,1960-01-01 14:52:00,1,3,1006106022,31,2,0,3,4,3,3,3,3
2017-09-24,1960-01-01 14:57:00,1,3,2010023015,29,2,1,2,7,2,2,2,2
2017-09-24,1960-01-01 15:05:00,1,3,1306062015,30,1,1,1,4,4,4,4,4
2017-09-24,1960-01-01 15:11:00,1,3,1106078011,87,2,0,3,1,2,3,3,4
2017-09-24,1960-01-01 15:12:00,1,3,2110059018,18,2,0,2,1,1,2,3,5
2017-09-24,1960-01-01 15:12:00,1,3,1206049003,71,2,0,3,8,3,3,3,4
2017-09-24,1960-01-01 15:12:00,1,3,1709018002,68,2,0,3,8,1,2,1,2
2017-09-24,1960-01-01 15:14:00,1,3,2110039018,19,1,0,3,1,4,1,1,2
2017-09-24,1960-01-01 15:18:00,1,3,2110065012,26,2,0,2,4,3,1,1,1
2017-09-24,1960-01-01 15:20:00,1,3,2210091004,31,1,1,3,2,3,3,4,4
2017-09-24,1960-01-01 15:23:00,1,3,403042011,41,2,0,2,8,-1,4,4,4
2017-09-24,1960-01-01 15:26:00,1,3,1909066016,78,2,0,3,8,2,2,2,3
2017-09-24,1960-01-01 15:28:00,1,3,2110037008,27,2,0,1,6,4,2,2,2
2017-09-24,1960-01-01 15:33:00,1,3,1005030016,25,2,0,1,1,3,3,3,2
2017-09-24,1960-01-01 15:34:00,1,3,1306067006,75,2,0,3,1,3,1,1,1
2017-09-24,1960-01-01 15:41:00,1,3,302038024,24,2,1,3,1,2,2,3,4
2017-09-24,1960-01-01 15:46:00,1,3,1809051002,80,2,0,2,8,2,2,-1,3
2017-09-24,1960-01-01 15:48:00,1,3,1006106024,37,1,1,4,6,1,1,1,4
2017-09-24,1960-01-01 16:05:00,1,3,403042013,20,2,0,3,1,2,3,3,3
2017-09-24,1960-01-01 16:06:00,1,3,1909066017,82,1,0,3,2,1,1,1,2
2017-09-24,1960-01-01 16:09:00,1,3,1306062016,84,2,0,1,8,3,1,1,1
2017-09-24,1960-01-01 16:09:00,1,3,2210091006,68,2,0,3,1,2,4,4,1
2017-09-24,1960-01-01 16:14:00,1,3,2210080009,55,2,0,3,6,3,3,2,3
2017-09-24,1960-01-01 16:20:00,1,3,1206049004,37,2,0,3,4,2,4,4,4
2017-09-24,1960-01-01 16:30:00,1,3,1006106018,58,2,1,3,2,4,4,5,5
2017-09-24,1960-01-01 16:30:00,1,3,1005030022,82,2,0,3,8,2,1,1,1
2017-09-24,1960-01-01 16:34:00,1,3,1809039008,53,2,0,2,8,-1,1,-1,4
2017-09-24,1960-01-01 16:35:00,1,3,1709017002,76,1,1,3,2,2,2,3,2
2017-09-24,1960-01-01 16:38:00,1,3,1709018005,38,1,0,3,2,3,3,3,3
2017-09-24,1960-01-01 16:49:00,1,3,2210080010,69,2,0,3,8,3,3,3,3
2017-09-24,1960-01-01 16:56:00,1,3,2110037011,28,1,0,3,1,2,5,5,5
2017-09-24,1960-01-01 16:59:00,1,3,1306067009,56,2,1,1,6,1,1,1,3
2017-09-24,1960-01-01 17:01:00,1,3,1206049005,18,2,0,3,1,4,2,2,2
2017-09-24,1960-01-01 17:10:00,1,3,1809051011,45,2,1,1,4,1,1,1,1
2017-09-24,1960-01-01 17:13:00,1,3,1909066020,54,2,1,3,6,4,4,4,4
2017-09-24,1960-01-01 17:15:00,1,3,1306062018,55,2,1,1,4,3,1,3,3
2017-09-24,1960-01-01 17:17:00,1,3,1006106020,24,2,0,3,3,3,4,4,4
2017-09-24,1960-01-01 17:34:00,1,3,1709018008,29,2,1,3,1,3,3,3,4
2017-09-24,1960-01-01 17:48:00,1,3,1909066021,34,2,0,3,7,4,3,3,4
2017-09-24,1960-01-01 17:51:00,1,3,1005030002,57,2,1,3,2,3,3,3,3
2017-09-24,1960-01-01 17:52:00,1,3,1206049008,84,1,0,3,4,4,4,3,3
2017-09-24,1960-01-01 18:00:00,1,3,1006106002,55,2,0,3,2,1,1,1,1
2017-09-24,1960-01-01 18:09:00,1,3,1306067011,62,2,1,3,2,3,4,4,4
2017-09-24,1960-01-01 18:11:00,1,3,1306062019,52,2,1,3,2,3,3,2,5
2017-09-24,1960-01-01 18:29:00,1,3,1809051014,40,2,0,3,2,3,2,2,2
2017-09-24,1960-01-01 18:30:00,1,3,1909066022,31,1,1,3,4,1,2,1,1
2017-09-24,1960-01-01 18:42:00,1,3,1206049009,55,1,0,3,4,1,2,2,3
2017-09-24,1960-01-01 19:01:00,1,3,1006106008,29,2,0,3,4,5,4,4,4
2017-09-24,1960-01-01 19:05:00,1,3,1809051015,56,2,1,2,2,2,2,2,2
2017-09-24,1960-01-01 19:37:00,1,3,1206049010,65,1,0,3,4,1,2,3,3
2017-09-24,1960-01-01 19:39:00,1,3,1006106009,46,2,1,3,5,1,2,2,4
2017-09-24,1960-01-01 20:23:00,1,3,1006106013,28,1,1,3,5,1,1,1,1
2017-09-25,1960-01-01 10:18:00,1,3,2010023011,64,1,0,1,4,3,3,3,2
2017-09-25,1960-01-01 11:01:00,1,3,2010023008,54,1,0,2,1,2,2,2,2
2017-09-25,1960-01-01 11:39:00,1,3,302038006,80,1,0,2,2,3,4,4,2
2017-09-25,1960-01-01 12:01:00,1,3,1306079004,38,2,0,1,3,3,3,3,4
2017-09-25,1960-01-01 12:51:00,1,3,302038011,71,2,1,3,2,4,3,5,2
2017-09-25,1960-01-01 13:05:00,1,3,2010023022,80,1,0,2,4,3,3,3,3
2017-09-25,1960-01-01 13:27:00,1,3,2110059024,53,1,1,4,2,3,1,4,4
2017-09-25,1960-01-01 13:50:00,1,3,302038013,79,2,0,3,2,2,2,2,2
2017-09-25,1960-01-01 14:02:00,1,3,2010013008,41,2,0,2,2,3,2,4,3
2017-09-25,1960-01-01 14:06:00,1,3,2110039020,28,2,0,3,4,1,-1,-1,1
2017-09-25,1960-01-01 14:26:00,1,3,101028001,52,2,0,1,8,1,4,4,5
2017-09-25,1960-01-01 14:29:00,1,3,302038014,29,1,1,3,1,4,4,4,3
2017-09-25,1960-01-01 14:38:00,1,3,1306079010,71,1,0,1,2,1,1,1,1
2017-09-25,1960-01-01 14:51:00,1,3,2010013009,35,2,0,3,5,2,2,-1,2
2017-09-25,1960-01-01 15:10:00,1,3,2110039023,34,1,0,3,1,1,1,1,1
2017-09-25,1960-01-01 15:44:00,1,3,1809039011,56,1,1,1,4,3,3,3,3
2017-09-25,1960-01-01 15:48:00,1,3,1709001018,32,2,0,1,-3,1,1,1,3
2017-09-25,1960-01-01 15:53:00,1,3,2010013011,33,2,0,3,6,3,2,2,2
2017-09-25,1960-01-01 15:56:00,1,3,1909066014,60,2,0,2,2,2,2,2,4
2017-09-25,1960-01-01 16:00:00,1,3,1809051012,33,2,0,3,5,3,3,3,3
2017-09-25,1960-01-01 16:20:00,1,3,2110039016,54,2,1,3,2,2,1,1,1
2017-09-25,1960-01-01 16:46:00,1,3,1709001021,52,1,1,1,6,1,1,1,1
2017-09-25,1960-01-01 16:59:00,1,3,2110039012,26,1,1,3,2,1,1,1,1
2017-09-25,1960-01-01 16:59:00,1,3,1909066024,75,2,0,3,8,2,3,3,4
2017-09-25,1960-01-01 17:02:00,1,3,101028008,27,1,1,1,4,4,3,3,3
2017-09-25,1960-01-01 17:08:00,1,3,2110037022,18,2,0,2,1,3,3,3,3
2017-09-25,1960-01-01 17:26:00,1,3,1809051017,18,2,0,1,1,3,3,3,1
2017-09-25,1960-01-01 17:32:00,1,3,1809033001,31,2,0,1,2,3,3,3,3
2017-09-25,1960-01-01 17:33:00,1,3,1809039014,20,2,0,1,1,1,1,1,4
2017-09-25,1960-01-01 17:34:00,1,3,1106036001,55,1,0,1,1,-1,4,4,4
2017-09-25,1960-01-01 17:38:00,1,3,2110039007,21,2,0,3,1,3,2,3,4
2017-09-25,1960-01-01 17:46:00,1,3,2010013016,72,2,0,3,1,2,2,3,3
2017-09-25,1960-01-01 17:49:00,1,3,1909066023,63,2,0,3,8,1,2,1,4
2017-09-25,1960-01-01 18:04:00,1,3,2110037024,60,2,0,3,8,2,2,2,2
2017-09-25,1960-01-01 18:17:00,1,3,101028011,66,2,0,1,2,4,-1,-1,4
2017-09-25,1960-01-01 18:17:00,1,3,1106036003,95,2,0,3,8,1,2,2,2
2017-09-25,1960-01-01 18:26:00,1,3,1809039015,70,1,0,2,4,3,3,3,4
2017-09-25,1960-01-01 18:38:00,1,3,1809051022,49,2,0,1,8,2,1,2,2
2017-09-25,1960-01-01 18:41:00,1,3,1809033003,68,2,0,1,8,3,3,5,1
2017-09-25,1960-01-01 18:59:00,1,3,2110037018,43,2,0,3,2,5,5,5,5
2017-09-25,1960-01-01 19:17:00,1,3,1709018009,43,2,1,3,1,3,3,3,3
2017-09-25,1960-01-01 19:21:00,1,3,101028012,21,2,0,1,1,1,1,3,3
2017-09-25,1960-01-01 19:28:00,1,3,1809039016,50,2,0,2,8,1,1,1,1
2017-09-25,1960-01-01 20:11:00,1,3,1106036014,33,2,1,3,1,3,3,3,4
2017-09-26,1960-01-01 12:15:00,1,3,1106078014,66,1,0,3,2,2,2,3,3
2017-09-26,1960-01-01 12:53:00,1,3,907035002,67,2,0,4,8,2,2,2,3
2017-09-26,1960-01-01 13:11:00,1,3,1106078018,36,2,0,1,2,2,2,1,4
2017-09-26,1960-01-01 14:04:00,1,3,907035005,60,1,1,1,4,2,2,3,3
2017-09-26,1960-01-01 14:11:00,1,3,101028024,53,2,1,1,2,5,5,5,5
2017-09-26,1960-01-01 14:17:00,1,3,1809033009,32,2,0,3,4,3,3,4,4
2017-09-26,1960-01-01 14:19:00,1,3,2110065022,18,2,0,3,2,1,1,1,2
2017-09-26,1960-01-01 14:22:00,1,3,2010013019,50,2,0,4,2,3,2,2,4
2017-09-26,1960-01-01 14:31:00,1,3,1508025010,35,2,0,3,4,4,1,1,1
2017-09-26,1960-01-01 15:08:00,1,3,1909067002,50,1,1,3,5,-1,2,1,2
2017-09-26,1960-01-01 15:08:00,1,3,1809033010,55,2,0,3,7,1,2,2,3
2017-09-26,1960-01-01 15:13:00,1,3,1306067013,80,2,0,2,8,2,1,1,1
2017-09-26,1960-01-01 15:15:00,1,3,2110065024,19,2,0,1,1,3,3,3,3
2017-09-26,1960-01-01 15:20:00,1,3,2010013020,26,2,1,3,2,2,2,1,4
2017-09-26,1960-01-01 15:22:00,1,3,1709018010,52,2,0,3,7,3,2,3,2
2017-09-26,1960-01-01 15:27:00,1,3,403025010,84,2,0,1,8,-1,3,3,2
2017-09-26,1960-01-01 15:30:00,1,3,1508025013,32,2,0,1,5,4,3,3,3
2017-09-26,1960-01-01 15:44:00,1,3,1106036023,83,2,0,3,1,4,3,3,3
2017-09-26,1960-01-01 16:20:00,1,3,1909067004,63,2,1,1,1,3,3,3,4
2017-09-26,1960-01-01 16:28:00,1,3,1508025015,78,1,0,1,2,1,1,1,1
2017-09-26,1960-01-01 16:34:00,1,3,2010023020,77,1,1,1,2,3,3,3,4
2017-09-26,1960-01-01 16:38:00,1,3,1709018012,27,2,0,3,2,3,2,2,2
2017-09-26,1960-01-01 16:41:00,1,3,1306067022,23,2,1,2,2,4,4,4,2
2017-09-26,1960-01-01 16:42:00,1,3,1106036024,38,1,1,1,1,3,3,3,1
2017-09-26,1960-01-01 16:46:00,1,3,403025015,40,2,0,3,4,4,4,4,4
2017-09-26,1960-01-01 16:50:00,1,3,2010013023,35,2,0,3,4,4,3,3,4
2017-09-26,1960-01-01 16:51:00,1,3,1809033007,52,1,1,1,4,3,3,3,3
2017-09-26,1960-01-01 16:57:00,1,3,1809039018,25,2,0,1,4,3,1,1,1
2017-09-26,1960-01-01 17:12:00,1,3,2010023021,62,1,1,1,2,1,2,2,4
2017-09-26,1960-01-01 17:18:00,1,3,1508025017,63,2,0,3,8,2,1,1,3
2017-09-26,1960-01-01 17:49:00,1,3,1909067007,23,1,1,1,1,2,2,3,2
2017-09-26,1960-01-01 17:51:00,1,3,1809039019,21,2,0,3,1,2,1,1,2
2017-09-26,1960-01-01 18:11:00,1,3,1306068001,42,2,1,3,2,2,-1,-1,2
2017-09-26,1960-01-01 18:12:00,1,3,2210085007,75,1,0,3,4,4,4,4,3
2017-09-26,1960-01-01 18:15:00,1,3,2210085006,69,1,0,1,4,5,5,5,5
2017-09-26,1960-01-01 18:30:00,1,3,704003002,77,2,1,3,1,1,1,1,1
2017-09-26,1960-01-01 18:36:00,1,3,1909067008,38,2,0,3,7,3,3,3,3
2017-09-26,1960-01-01 18:56:00,1,3,1809039017,30,1,0,1,6,1,1,1,2
2017-09-26,1960-01-01 19:14:00,1,3,1909067009,23,1,0,1,1,2,1,2,3
2017-09-26,1960-01-01 19:31:00,1,3,302038009,21,1,0,3,1,3,3,3,3
2017-09-26,1960-01-01 19:33:00,1,3,2210085014,65,2,1,1,8,1,1,1,3
2017-09-26,1960-01-01 19:57:00,1,3,1306068002,35,1,0,3,2,2,2,2,2
2017-09-27,1960-01-01 12:50:00,1,3,1206049013,32,2,0,3,4,3,2,4,4
2017-09-27,1960-01-01 13:35:00,1,3,1206049014,51,2,0,4,2,4,4,3,3
2017-09-27,1960-01-01 13:59:00,1,3,905002004,56,2,0,1,2,4,3,3,3
2017-09-27,1960-01-01 14:05:00,1,3,1005077001,79,2,0,2,8,2,3,3,4
2017-09-27,1960-01-01 14:13:00,1,3,1206049015,24,2,0,2,4,4,3,2,3
2017-09-27,1960-01-01 14:18:00,1,3,603082007,18,2,0,1,1,3,1,1,1
2017-09-27,1960-01-01 14:21:00,1,3,1306068004,63,2,0,3,8,2,2,2,3
2017-09-27,1960-01-01 14:40:00,1,3,1508025012,55,2,1,3,5,1,1,1,1
2017-09-27,1960-01-01 14:49:00,1,3,1005077002,20,1,1,2,1,2,2,2,2
2017-09-27,1960-01-01 14:56:00,1,3,2110035007,50,1,1,3,1,2,2,2,4
2017-09-27,1960-01-01 15:01:00,1,3,905002006,62,2,0,3,1,2,2,2,3
2017-09-27,1960-01-01 15:03:00,1,3,603082008,78,2,1,1,2,1,1,1,1
2017-09-27,1960-01-01 15:04:00,1,3,1206049016,21,2,1,3,1,3,2,3,3
2017-09-27,1960-01-01 15:25:00,1,3,1005077004,52,2,0,2,8,4,3,-1,2
2017-09-27,1960-01-01 15:51:00,1,3,1206049017,19,2,1,2,1,1,1,1,3
2017-09-27,1960-01-01 16:00:00,1,3,1508025023,38,2,1,3,6,1,4,4,4
2017-09-27,1960-01-01 16:02:00,1,3,905002007,30,1,0,1,6,2,2,2,2
2017-09-27,1960-01-01 16:05:00,1,3,1306068007,25,2,0,1,4,2,2,2,2
2017-09-27,1960-01-01 16:07:00,1,3,1709001017,45,2,1,3,2,3,2,2,4
2017-09-27,1960-01-01 16:09:00,1,3,2110035013,52,2,0,3,4,5,5,3,2
2017-09-27,1960-01-01 16:35:00,1,3,1005077009,28,2,0,2,6,2,2,2,2
2017-09-27,1960-01-01 16:39:00,1,3,1206049019,41,2,0,3,2,5,5,5,5
2017-09-27,1960-01-01 16:49:00,1,3,905002008,58,2,0,1,6,3,3,3,3
2017-09-27,1960-01-01 16:50:00,1,3,1508025002,33,2,0,3,6,-1,1,1,1
2017-09-27,1960-01-01 16:55:00,1,3,1709001014,34,1,0,1,6,2,2,2,2
2017-09-27,1960-01-01 16:56:00,1,3,603082016,22,2,0,3,1,3,3,3,3
2017-09-27,1960-01-01 16:59:00,1,3,1306068009,31,2,0,3,3,4,1,2,4
2017-09-27,1960-01-01 17:04:00,1,3,2110035014,86,2,0,3,8,2,2,2,2
2017-09-27,1960-01-01 17:41:00,1,3,1206049022,30,1,1,3,4,3,3,3,4
2017-09-27,1960-01-01 17:47:00,1,3,1508025006,48,2,1,3,1,4,3,3,2
2017-09-27,1960-01-01 17:48:00,1,3,905002009,72,2,0,1,8,-1,2,2,2
2017-09-27,1960-01-01 17:57:00,1,3,1005077012,56,1,0,2,2,2,3,3,4
2017-09-27,1960-01-01 18:02:00,1,3,1709021002,95,2,0,1,7,2,1,1,1
2017-09-27,1960-01-01 18:08:00,1,3,1306068010,68,2,0,3,6,3,1,1,1
2017-09-27,1960-01-01 18:32:00,1,3,1206049023,29,2,0,3,6,3,3,3,3
2017-09-27,1960-01-01 18:46:00,1,3,905002005,40,2,0,1,3,2,2,2,3
2017-09-27,1960-01-01 18:52:00,1,3,1508025009,37,2,1,1,1,3,3,3,3
2017-09-27,1960-01-01 19:49:00,1,3,1508025011,24,2,1,1,1,3,3,3,3
2017-09-28,1960-01-01 13:13:00,1,3,1206042003,22,2,0,1,2,2,2,2,2
2017-09-28,1960-01-01 13:14:00,1,3,905002001,25,2,0,3,4,4,3,3,3
2017-09-28,1960-01-01 13:26:00,1,3,1909084001,73,1,0,2,8,3,3,3,2
2017-09-28,1960-01-01 13:27:00,1,3,704003004,46,2,0,3,4,1,3,3,3
2017-09-28,1960-01-01 14:11:00,1,3,1909084003,75,2,0,2,8,2,2,2,2
2017-09-28,1960-01-01 14:12:00,1,3,905002011,64,1,1,3,4,2,2,2,3
2017-09-28,1960-01-01 14:13:00,1,3,907035016,57,1,0,3,3,2,2,2,4
2017-09-28,1960-01-01 14:24:00,1,3,704003005,25,2,0,1,2,3,4,4,4
2017-09-28,1960-01-01 14:28:00,1,3,1206042010,30,1,0,1,2,5,4,4,4
2017-09-28,1960-01-01 14:40:00,1,3,1608037001,62,2,1,1,6,2,2,2,1
2017-09-28,1960-01-01 14:46:00,1,3,907035017,61,2,0,2,4,2,4,4,4
2017-09-28,1960-01-01 14:56:00,1,3,1909084004,38,1,0,2,4,2,2,1,2
2017-09-28,1960-01-01 14:57:00,1,3,905002012,68,1,0,1,2,4,2,2,2
2017-09-28,1960-01-01 15:02:00,1,3,1206042011,22,2,1,3,1,2,4,3,4
2017-09-28,1960-01-01 15:13:00,1,3,603069009,72,2,0,-3,-3,2,2,2,2
2017-09-28,1960-01-01 15:14:00,1,3,704003006,21,2,1,1,1,1,1,3,4
2017-09-28,1960-01-01 15:16:00,1,3,1608037004,23,2,0,3,1,4,3,3,3
2017-09-28,1960-01-01 15:20:00,1,3,1508025007,36,2,1,1,4,1,1,-1,3
2017-09-28,1960-01-01 15:23:00,1,3,2110065018,52,1,1,3,4,1,1,2,4
2017-09-28,1960-01-01 15:23:00,1,3,1909084005,44,2,0,2,2,3,3,3,3
2017-09-28,1960-01-01 15:29:00,1,3,1608037007,27,2,0,3,1,3,3,3,3
2017-09-28,1960-01-01 15:45:00,1,3,905002013,61,2,0,1,4,-1,2,2,2
2017-09-28,1960-01-01 15:56:00,1,3,1909084006,63,1,0,2,2,2,3,3,3
2017-09-28,1960-01-01 16:07:00,1,3,907035023,55,2,1,1,6,3,3,3,2
2017-09-28,1960-01-01 16:13:00,1,3,1508025024,60,2,1,1,1,1,1,1,1
2017-09-28,1960-01-01 16:24:00,1,3,704003010,73,1,0,3,2,1,1,1,4
2017-09-28,1960-01-01 16:26:00,1,3,2110065013,34,2,1,3,6,1,1,1,1
2017-09-28,1960-01-01 16:28:00,1,3,1608037011,51,1,0,1,1,-1,2,2,2
2017-09-28,1960-01-01 16:31:00,1,3,1909084007,56,2,1,1,6,2,3,2,2
2017-09-28,1960-01-01 16:34:00,1,3,1608037010,54,1,1,1,4,1,1,1,1
2017-09-28,1960-01-01 16:49:00,1,3,1106036012,31,1,1,3,2,4,4,4,4
2017-09-28,1960-01-01 16:51:00,1,3,101017004,43,2,1,2,4,3,4,4,4
2017-09-28,1960-01-01 16:59:00,1,3,1206049024,41,1,1,3,5,3,2,3,3
2017-09-28,1960-01-01 17:00:00,1,3,905002015,22,2,1,1,1,4,4,4,4
2017-09-28,1960-01-01 17:01:00,1,3,907035024,40,2,0,3,2,3,3,3,2
2017-09-28,1960-01-01 17:10:00,1,3,1909084008,74,2,0,2,1,2,1,2,2
2017-09-28,1960-01-01 17:41:00,1,3,2110037020,35,2,0,2,4,2,2,2,2
2017-09-28,1960-01-01 17:53:00,1,3,1608037021,69,1,0,3,2,3,1,1,1
2017-09-28,1960-01-01 17:54:00,1,3,1106036010,45,2,1,1,4,4,4,4,4
2017-09-28,1960-01-01 18:00:00,1,3,704003015,71,2,0,3,2,3,3,3,4
2017-09-28,1960-01-01 18:20:00,1,3,101017014,43,2,1,1,6,2,2,2,2
2017-09-28,1960-01-01 20:53:00,1,3,603014004,34,2,1,1,6,-1,-1,-1,-1
2017-09-29,1960-01-01 12:39:00,1,3,2210080012,31,2,0,3,2,-1,3,3,4
2017-09-29,1960-01-01 12:52:00,1,3,1909084009,39,2,0,1,4,3,3,2,3
2017-09-29,1960-01-01 13:15:00,1,3,905002018,30,2,1,1,2,2,2,2,4
2017-09-29,1960-01-01 13:17:00,1,3,704003016,64,2,0,3,2,3,4,2,1
2017-09-29,1960-01-01 13:32:00,1,3,1909067010,33,2,0,3,2,1,1,1,1
2017-09-29,1960-01-01 13:33:00,1,3,2210080018,48,2,1,3,6,1,2,1,2
2017-09-29,1960-01-01 13:34:00,1,3,1909084010,76,1,0,2,2,2,3,3,2
2017-09-29,1960-01-01 13:39:00,1,3,603082020,60,2,0,3,2,1,2,2,4
2017-09-29,1960-01-01 14:01:00,1,3,907026003,58,2,0,1,1,1,1,1,2
2017-09-29,1960-01-01 14:04:00,1,3,905002019,63,1,1,1,1,4,3,3,4
2017-09-29,1960-01-01 14:08:00,1,3,1909084012,26,1,1,1,4,3,2,3,4
2017-09-29,1960-01-01 14:19:00,1,3,2210091001,22,2,0,3,5,2,1,1,1
2017-09-29,1960-01-01 14:19:00,1,3,704003017,65,2,0,1,2,4,1,2,2
2017-09-29,1960-01-01 14:27:00,1,3,1005077013,66,1,0,1,2,3,3,3,4
2017-09-29,1960-01-01 14:40:00,1,3,1909067013,78,2,0,3,8,-1,3,3,4
2017-09-29,1960-01-01 14:51:00,1,3,202014007,60,1,1,3,1,1,3,3,3
2017-09-29,1960-01-01 14:51:00,1,3,905002021,78,1,0,2,4,4,2,3,3
2017-09-29,1960-01-01 14:57:00,1,3,1909084013,70,1,0,1,2,3,-1,-1,4
2017-09-29,1960-01-01 14:59:00,1,3,1809033020,75,2,0,3,8,-1,1,1,1
2017-09-29,1960-01-01 15:03:00,1,3,704003018,24,1,0,4,2,1,1,1,1
2017-09-29,1960-01-01 15:09:00,1,3,101003001,40,2,1,3,6,1,2,2,1
2017-09-29,1960-01-01 15:13:00,1,3,1809039013,35,1,1,1,1,3,3,2,5
2017-09-29,1960-01-01 15:20:00,1,3,907026005,53,1,1,3,3,4,1,2,1
2017-09-29,1960-01-01 15:37:00,1,3,403068001,25,2,1,3,1,3,2,2,2
2017-09-29,1960-01-01 15:37:00,1,3,1909084015,25,2,0,2,1,3,1,1,3
2017-09-29,1960-01-01 15:40:00,1,3,2210091020,63,2,0,1,4,3,4,4,4
2017-09-29,1960-01-01 15:45:00,1,3,1909067018,21,1,0,3,1,2,2,2,4
2017-09-29,1960-01-01 15:49:00,1,3,1809033021,49,2,0,3,2,3,3,3,3
2017-09-29,1960-01-01 15:52:00,1,3,1005077015,24,1,1,4,1,-1,3,3,3
2017-09-29,1960-01-01 15:59:00,1,3,202014011,77,2,0,3,1,4,4,3,1
2017-09-29,1960-01-01 16:00:00,1,3,1909084016,49,1,1,2,5,2,3,3,4
2017-09-29,1960-01-01 16:00:00,1,3,907026006,20,2,0,3,1,4,3,3,4
2017-09-29,1960-01-01 16:06:00,1,3,101003002,56,2,0,1,1,-1,-1,-1,-1
2017-09-29,1960-01-01 16:23:00,1,3,905002024,64,1,0,1,8,4,3,3,4
2017-09-29,1960-01-01 16:25:00,1,3,1909067020,75,2,0,3,8,2,2,2,2
2017-09-29,1960-01-01 16:28:00,1,3,704003021,68,1,1,1,2,1,3,1,3
2017-09-29,1960-01-01 16:28:00,1,3,403068003,88,2,0,3,8,1,1,1,4
2017-09-29,1960-01-01 16:42:00,1,3,1005077016,26,1,0,3,1,-1,3,3,4
2017-09-29,1960-01-01 16:42:00,1,3,2210091023,62,2,0,1,4,1,3,3,3
2017-09-29,1960-01-01 17:03:00,1,3,1809033024,23,2,0,3,5,3,1,2,4
2017-09-29,1960-01-01 17:11:00,1,3,1909067021,64,2,0,1,8,2,2,2,2
2017-09-29,1960-01-01 17:25:00,1,3,1306062011,61,2,0,3,2,5,1,3,1
2017-09-29,1960-01-01 17:29:00,1,3,2110068002,78,1,0,3,2,4,4,4,1
2017-09-29,1960-01-01 17:36:00,1,3,2110037001,38,1,0,3,6,3,3,3,3
2017-09-29,1960-01-01 17:38:00,1,3,1005077021,81,2,0,1,8,3,3,3,3
2017-09-29,1960-01-01 17:44:00,1,3,704003024,62,2,1,3,8,1,1,1,1
2017-09-29,1960-01-01 17:48:00,1,3,805065007,38,2,0,1,2,3,3,3,3
2017-09-29,1960-01-01 17:52:00,1,3,905002017,56,2,0,3,2,2,2,2,2
2017-09-29,1960-01-01 17:57:00,1,3,1709001019,20,2,0,1,1,2,3,3,3
2017-09-29,1960-01-01 18:35:00,1,3,1005077022,38,2,1,1,1,2,2,2,3
2017-09-29,1960-01-01 18:40:00,1,3,1709001023,19,1,0,3,1,4,4,4,2
2017-09-30,1960-01-01 12:00:00,1,3,1909084002,38,1,1,2,3,2,2,1,2
2017-09-30,1960-01-01 12:11:00,1,3,907035021,40,1,1,1,4,4,4,4,3
2017-09-30,1960-01-01 12:13:00,1,3,101028022,69,2,0,1,4,3,1,1,3
2017-09-30,1960-01-01 12:47:00,1,3,1909067003,67,1,0,3,2,3,3,3,3
2017-09-30,1960-01-01 12:48:00,1,3,1005077023,53,1,1,2,2,3,3,3,2
2017-09-30,1960-01-01 12:51:00,1,3,1909084017,64,2,0,2,6,2,3,3,2
2017-09-30,1960-01-01 13:01:00,1,3,1608043001,75,2,0,3,8,3,2,2,2
2017-09-30,1960-01-01 13:04:00,1,3,805065009,78,1,0,2,8,3,3,3,3
2017-09-30,1960-01-01 13:12:00,1,3,101028013,26,2,1,3,6,2,1,2,-1
2017-09-30,1960-01-01 13:20:00,1,3,1909084018,36,2,0,2,2,2,-1,-1,-1
2017-09-30,1960-01-01 13:28:00,1,3,1909067022,18,2,0,3,2,4,3,4,3
2017-09-30,1960-01-01 13:29:00,1,3,805065017,34,2,0,2,2,3,3,3,3
2017-09-30,1960-01-01 13:34:00,1,3,1508025019,47,2,1,3,2,3,3,3,3
2017-09-30,1960-01-01 13:37:00,1,3,1005032001,56,1,0,3,2,1,1,1,4
2017-09-30,1960-01-01 13:46:00,1,3,1608043002,47,1,1,2,4,2,4,3,4
2017-09-30,1960-01-01 13:48:00,1,3,2010031001,65,1,0,3,2,1,2,3,4
2017-09-30,1960-01-01 13:54:00,1,3,1709018013,35,1,1,1,2,2,2,2,3
2017-09-30,1960-01-01 13:55:00,1,3,1909084019,22,2,1,1,1,3,1,3,3
2017-09-30,1960-01-01 14:03:00,1,3,805065012,42,1,1,1,2,3,3,3,3
2017-09-30,1960-01-01 14:11:00,1,3,1005077005,32,2,1,3,2,3,3,3,2
2017-09-30,1960-01-01 14:15:00,1,3,1909084022,55,1,0,1,1,2,-1,3,3
2017-09-30,1960-01-01 14:15:00,1,3,1909067023,43,2,1,3,4,3,4,3,2
2017-09-30,1960-01-01 14:16:00,1,3,805065019,39,2,1,2,2,3,3,3,3
2017-09-30,1960-01-01 14:22:00,1,3,907035019,53,1,1,1,2,4,4,4,4
2017-09-30,1960-01-01 14:31:00,1,3,2010031004,62,2,0,2,4,3,2,2,3
2017-09-30,1960-01-01 14:39:00,1,3,1608043004,37,1,0,2,2,2,2,2,3
2017-09-30,1960-01-01 14:45:00,1,3,704003019,25,2,1,3,1,2,2,2,2
2017-09-30,1960-01-01 14:49:00,1,3,1005032006,19,2,1,3,1,4,1,1,1
2017-09-30,1960-01-01 15:07:00,1,3,1909067024,29,2,1,2,4,3,2,2,2
2017-09-30,1960-01-01 15:20:00,1,3,2010031005,18,1,0,3,1,2,2,1,4
2017-09-30,1960-01-01 15:20:00,1,3,907035013,18,2,0,1,1,4,3,4,4
2017-09-30,1960-01-01 15:21:00,1,3,2110065011,56,2,1,3,6,4,4,4,4
2017-09-30,1960-01-01 15:22:00,1,3,1306067024,33,2,0,2,4,1,2,2,4
2017-09-30,1960-01-01 15:27:00,1,3,1909084023,52,2,0,2,4,2,3,3,4
2017-09-30,1960-01-01 15:33:00,1,3,1005032009,36,2,0,3,4,3,4,4,4
2017-09-30,1960-01-01 15:42:00,1,3,805065016,77,2,0,2,2,3,3,3,3
2017-09-30,1960-01-01 16:01:00,1,3,1005032011,27,2,0,3,4,3,3,1,3
2017-09-30,1960-01-01 16:03:00,1,3,907026009,46,1,0,1,1,3,3,3,3
2017-09-30,1960-01-01 16:03:00,1,3,805065018,37,2,0,2,2,3,3,3,3
2017-09-30,1960-01-01 16:03:00,1,3,2010031006,59,2,1,3,5,3,3,3,3
2017-09-30,1960-01-01 16:06:00,1,3,1608043009,63,2,1,2,8,4,4,4,4
2017-09-30,1960-01-01 16:08:00,1,3,1909084024,72,1,0,2,4,2,-1,4,2
2017-09-30,1960-01-01 16:16:00,1,3,805065008,24,1,1,1,1,3,3,3,3
2017-09-30,1960-01-01 16:22:00,1,3,403068004,63,2,0,1,8,2,4,4,1
2017-09-30,1960-01-01 16:34:00,1,3,1306068017,18,1,0,1,1,2,2,2,2
2017-09-30,1960-01-01 16:40:00,1,3,1005032014,54,2,0,1,5,3,1,1,3
2017-09-30,1960-01-01 16:49:00,1,3,2010031007,60,2,1,3,4,2,2,4,2
2017-09-30,1960-01-01 16:53:00,1,3,907035015,36,2,0,3,6,3,3,3,3
2017-09-30,1960-01-01 17:26:00,1,3,403068006,53,2,0,1,6,1,1,1,1
2017-09-30,1960-01-01 17:27:00,1,3,1306068020,43,2,1,3,4,3,2,2,2
2017-09-30,1960-01-01 18:04:00,1,3,2010031013,46,1,1,2,3,1,1,1,1
2017-09-30,1960-01-01 18:50:00,1,3,403068012,47,2,0,1,8,1,1,1,1
2017-09-30,1960-01-01 18:52:00,1,3,2010031016,52,2,1,3,2,3,2,3,3
2017-09-30,1960-01-01 20:07:00,1,3,1508003001,32,2,1,2,1,1,3,3,3
2017-09-30,1960-01-01 20:42:00,1,3,1508003002,48,2,1,3,4,1,1,3,3
2017-10-01,1960-01-01 11:47:00,1,3,1206042013,57,2,0,3,4,1,-1,-1,4
2017-10-01,1960-01-01 12:23:00,1,3,1206082001,39,1,0,3,6,3,1,1,4
2017-10-01,1960-01-01 12:35:00,1,3,907035006,40,1,1,3,4,4,3,3,3
2017-10-01,1960-01-01 12:42:00,1,3,1206042016,25,2,0,3,4,3,3,3,3
2017-10-01,1960-01-01 13:11:00,1,3,1206082003,30,1,0,3,5,3,1,1,4
2017-10-01,1960-01-01 13:24:00,1,3,1206042021,47,1,1,3,-3,3,2,4,2
2017-10-01,1960-01-01 13:26:00,1,3,907026011,24,1,1,1,3,3,2,2,3
2017-10-01,1960-01-01 13:38:00,1,3,502027008,69,2,0,3,2,3,3,3,3
2017-10-01,1960-01-01 13:46:00,1,3,1508003004,25,1,1,3,1,3,1,4,3
2017-10-01,1960-01-01 13:52:00,1,3,603082019,26,2,1,1,7,3,3,3,3
2017-10-01,1960-01-01 14:19:00,1,3,907026013,59,1,1,3,3,3,3,3,4
2017-10-01,1960-01-01 14:21:00,1,3,1608043012,51,2,1,3,4,1,2,2,3
2017-10-01,1960-01-01 14:33:00,1,3,403068013,54,1,1,2,4,3,1,1,1
2017-10-01,1960-01-01 14:42:00,1,3,1206082009,42,2,1,3,1,4,3,2,4
2017-10-01,1960-01-01 14:42:00,1,3,1508003005,61,2,0,1,1,1,1,4,3
2017-10-01,1960-01-01 14:57:00,1,3,603082005,32,2,0,1,6,1,1,1,5
2017-10-01,1960-01-01 14:59:00,1,3,1608043013,40,2,0,3,4,4,3,4,4
2017-10-01,1960-01-01 15:20:00,1,3,202013019,69,1,1,3,1,-1,2,2,4
2017-10-01,1960-01-01 15:30:00,1,3,1306067012,24,2,0,3,1,3,4,3,4
2017-10-01,1960-01-01 15:41:00,1,3,1206082010,74,2,0,3,8,1,3,3,3
2017-10-01,1960-01-01 16:13:00,1,3,403068020,29,2,0,1,5,3,2,-1,2
2017-10-01,1960-01-01 16:13:00,1,3,1306067014,63,2,0,2,8,2,2,1,4
2017-10-01,1960-01-01 16:24:00,1,3,1508003006,35,1,0,1,4,1,1,1,1
2017-10-01,1960-01-01 16:27:00,1,3,1608043020,26,2,0,1,1,3,3,3,4
2017-10-01,1960-01-01 16:33:00,1,3,2110037023,53,1,0,3,2,1,1,1,4
2017-10-01,1960-01-01 16:37:00,1,3,1709018014,42,2,0,1,2,2,3,3,4
2017-10-01,1960-01-01 16:41:00,1,3,1206082011,38,2,0,3,2,4,4,4,4
2017-10-01,1960-01-01 17:24:00,1,3,1508003007,39,1,1,2,4,3,1,1,1
2017-10-01,1960-01-01 17:29:00,1,3,1709017004,39,1,0,3,2,4,4,4,4
2017-10-01,1960-01-01 17:37:00,1,3,1709018015,18,1,0,1,1,3,5,4,4
2017-10-01,1960-01-01 18:00:00,1,3,1306068018,71,2,1,3,8,2,2,4,4
2017-10-01,1960-01-01 18:15:00,1,3,1508003008,58,2,1,2,8,3,3,4,4
2017-10-01,1960-01-01 18:31:00,1,3,1709017005,23,1,1,3,1,2,3,4,2
2017-10-01,1960-01-01 18:31:00,1,3,1709018020,78,2,0,3,1,-1,-1,-1,-1
2017-10-01,1960-01-01 18:38:00,1,3,1106036019,19,1,1,1,1,3,3,3,3
2017-10-01,1960-01-01 19:11:00,1,3,1709018021,38,2,1,1,3,1,1,3,3
2017-10-01,1960-01-01 20:51:00,1,3,1106014019,37,2,-3,2,4,2,2,3,5
2017-10-02,1960-01-01 10:01:00,1,3,1909067011,28,2,1,2,4,2,3,1,4
2017-10-02,1960-01-01 11:10:00,1,3,1909066003,55,2,1,2,4,3,3,3,3
2017-10-02,1960-01-01 12:29:00,1,3,907035020,70,1,1,1,-3,3,4,4,4
2017-10-02,1960-01-01 12:34:00,1,3,1909067012,41,2,0,4,5,1,1,1,4
2017-10-02,1960-01-01 12:52:00,1,3,1909083002,25,1,0,1,3,4,4,3,4
2017-10-02,1960-01-01 13:21:00,1,3,907026012,69,2,0,1,8,2,3,3,2
2017-10-02,1960-01-01 13:32:00,1,3,1909083003,49,2,1,1,5,2,2,2,2
2017-10-02,1960-01-01 14:03:00,1,3,1909083004,31,2,0,2,3,3,1,1,2
2017-10-02,1960-01-01 14:42:00,1,3,1909083005,37,2,0,2,2,3,2,3,2
2017-10-02,1960-01-01 15:11:00,1,3,101003008,18,2,0,3,1,3,1,1,1
2017-10-02,1960-01-01 15:18:00,1,3,1909083006,20,2,0,2,1,2,4,2,3
2017-10-02,1960-01-01 15:59:00,1,3,101003010,91,1,0,3,8,-1,3,4,4
2017-10-02,1960-01-01 16:00:00,1,3,1909083007,36,2,1,1,3,3,4,4,1
2017-10-02,1960-01-01 16:38:00,1,3,1909083008,19,2,0,2,2,3,3,2,3
2017-10-02,1960-01-01 17:03:00,1,3,1508003010,87,2,0,3,8,3,1,3,3
2017-10-02,1960-01-01 17:34:00,1,3,101003016,56,1,0,3,2,3,3,4,1
2017-10-02,1960-01-01 18:12:00,1,3,1508003011,29,2,0,2,4,1,1,3,3
2017-10-02,1960-01-01 19:23:00,1,3,1508003014,26,1,0,1,1,2,1,3,3
2017-10-02,1960-01-01 20:08:00,1,3,1508003015,40,1,1,2,-3,1,1,3,3
2017-10-02,1960-01-01 20:15:00,1,3,403025008,33,2,1,3,1,1,1,1,2
2017-10-03,1960-01-01 11:47:00,1,3,1206082014,62,1,0,3,6,1,3,3,3
2017-10-03,1960-01-01 12:18:00,1,3,603082004,20,1,0,1,1,3,3,3,3
2017-10-03,1960-01-01 12:56:00,1,3,1306091001,75,1,0,3,2,3,3,3,5
2017-10-03,1960-01-01 13:18:00,1,3,1306062004,45,2,0,4,8,3,1,1,1
2017-10-03,1960-01-01 13:26:00,1,3,1909083012,60,2,0,2,4,2,3,2,4
2017-10-03,1960-01-01 13:27:00,1,3,2010031020,32,2,0,2,4,2,2,1,2
2017-10-03,1960-01-01 13:52:00,1,3,1306091004,54,2,1,2,2,3,3,3,5
2017-10-03,1960-01-01 13:55:00,1,3,603082001,40,1,1,1,3,3,3,3,1
2017-10-03,1960-01-01 14:08:00,1,3,1909083013,70,2,0,2,8,4,3,3,4
2017-10-03,1960-01-01 14:13:00,1,3,2010031021,20,2,0,3,1,3,1,1,1
2017-10-03,1960-01-01 14:18:00,1,3,603014005,27,2,1,1,1,4,4,4,1
2017-10-03,1960-01-01 14:54:00,1,3,2010031023,26,2,1,3,6,2,2,1,4
2017-10-03,1960-01-01 14:55:00,1,3,1508003016,42,1,0,2,7,1,1,3,3
2017-10-03,1960-01-01 15:33:00,1,3,603014015,69,2,0,-3,-3,3,3,2,2
2017-10-03,1960-01-01 15:41:00,1,3,2010031015,68,2,0,3,8,3,3,2,2
2017-10-03,1960-01-01 16:10:00,1,3,1306091024,38,2,1,3,8,2,1,1,4
2017-10-03,1960-01-01 16:38:00,1,3,202014018,80,2,0,3,1,4,2,2,2
2017-10-03,1960-01-01 16:46:00,1,3,1508003018,41,1,1,2,4,3,1,3,3
2017-10-03,1960-01-01 16:58:00,1,3,1709017008,45,2,1,1,2,3,2,2,4
2017-10-03,1960-01-01 17:35:00,1,3,202014020,56,2,1,3,4,-1,-1,-1,4
2017-10-03,1960-01-01 17:35:00,1,3,603069014,62,2,1,1,-3,3,3,3,3
2017-10-03,1960-01-01 17:47:00,1,3,302038007,26,2,0,3,1,2,2,2,2
2017-10-03,1960-01-01 18:35:00,1,3,202014021,62,1,0,3,1,3,4,2,4
2017-10-03,1960-01-01 19:00:00,1,3,1709017017,58,2,1,1,8,3,4,4,1
2017-10-04,1960-01-01 10:47:00,1,3,2010023004,28,2,0,3,4,3,2,3,3
2017-10-04,1960-01-01 13:57:00,1,3,1909083014,46,2,0,1,3,3,2,3,2
2017-10-04,1960-01-01 14:35:00,1,3,1909083015,39,2,0,2,2,2,3,2,2
2017-10-04,1960-01-01 14:49:00,1,3,1909089005,84,2,0,2,8,1,1,1,5
2017-10-04,1960-01-01 15:03:00,1,3,1909083016,85,2,0,2,6,2,2,1,2
2017-10-04,1960-01-01 15:34:00,1,3,1909089008,55,1,1,1,2,4,5,4,1
2017-10-04,1960-01-01 15:38:00,1,3,1909083018,41,2,1,2,4,2,2,1,2
2017-10-04,1960-01-01 15:59:00,1,3,1508003012,24,2,1,2,1,3,1,3,3
2017-10-04,1960-01-01 16:14:00,1,3,1909083019,72,2,0,2,8,3,3,2,3
2017-10-04,1960-01-01 16:30:00,1,3,603009015,41,2,1,3,2,3,3,3,3
2017-10-04,1960-01-01 17:28:00,1,3,603009021,77,2,0,3,8,-1,3,3,3
2017-10-05,1960-01-01 12:28:00,1,3,1709021004,35,2,0,1,2,3,3,1,3
2017-10-05,1960-01-01 12:43:00,1,3,907026017,35,2,0,3,3,-1,4,4,4
2017-10-05,1960-01-01 12:49:00,1,3,1306079016,68,2,0,3,2,3,3,5,5
2017-10-05,1960-01-01 13:17:00,1,3,1508003022,83,2,0,2,1,3,4,4,4
2017-10-05,1960-01-01 13:42:00,1,3,1306079018,32,2,0,3,4,3,3,5,5
2017-10-05,1960-01-01 13:55:00,1,3,907026023,35,1,0,1,4,4,4,4,4
2017-10-05,1960-01-01 14:48:00,1,3,1909083021,50,2,0,1,6,2,2,1,3
2017-10-05,1960-01-01 15:04:00,1,3,1508003023,76,2,0,3,8,3,3,4,4
2017-10-05,1960-01-01 15:16:00,1,3,1809033018,34,2,0,3,6,3,3,3,3
2017-10-05,1960-01-01 15:16:00,1,3,1306079019,56,2,0,3,2,-1,3,3,5
2017-10-05,1960-01-01 15:28:00,1,3,1909089016,47,2,0,3,2,1,3,3,3
2017-10-05,1960-01-01 15:30:00,1,3,1909083023,28,1,1,2,2,2,2,3,4
2017-10-05,1960-01-01 16:00:00,1,3,1909083024,50,2,1,1,8,3,-1,-1,3
2017-10-05,1960-01-01 16:20:00,1,3,1809033011,25,2,0,3,5,2,1,1,2
2017-10-05,1960-01-01 17:05:00,1,3,1608043024,26,2,0,2,2,3,3,3,3
2017-10-05,1960-01-01 17:05:00,1,3,1709001016,33,2,0,3,2,4,3,4,4
2017-10-05,1960-01-01 18:00:00,1,3,905040004,83,2,0,3,2,1,1,1,-1
2017-10-05,1960-01-01 18:54:00,1,3,905040006,56,2,0,3,2,4,4,4,1
2017-10-06,1960-01-01 12:48:00,1,3,1005032015,50,2,1,1,4,1,1,1,3
2017-10-06,1960-01-01 13:03:00,1,3,101003019,70,2,0,1,8,-1,3,2,2
2017-10-06,1960-01-01 13:21:00,1,3,1005032016,53,2,1,1,6,3,4,2,4
2017-10-06,1960-01-01 14:02:00,1,3,1709017007,22,2,1,3,1,1,1,2,3
2017-10-06,1960-01-01 14:16:00,1,3,905040013,35,2,0,1,1,1,1,3,3
2017-10-06,1960-01-01 14:16:00,1,3,1005032019,37,2,0,3,4,1,1,1,1
2017-10-06,1960-01-01 14:32:00,1,3,202014009,61,2,0,3,2,-1,4,4,4
2017-10-06,1960-01-01 14:44:00,1,3,1005032018,38,2,1,3,5,1,1,1,4
2017-10-06,1960-01-01 15:10:00,1,3,1709021009,34,2,1,3,6,1,1,1,3
2017-10-06,1960-01-01 15:21:00,1,3,1005032021,83,2,0,1,2,4,4,4,3
2017-10-06,1960-01-01 15:40:00,1,3,905040023,35,1,1,1,4,3,3,3,3
2017-10-06,1960-01-01 15:52:00,1,3,1709017020,47,2,0,3,2,2,1,1,3
2017-10-06,1960-01-01 15:56:00,1,3,1005032022,37,2,0,1,2,1,1,1,4
2017-10-06,1960-01-01 15:57:00,1,3,1709021010,82,1,0,3,2,-1,2,1,4
2017-10-06,1960-01-01 16:28:00,1,3,2110068022,58,1,1,1,3,1,1,1,1
2017-10-06,1960-01-01 16:38:00,1,3,1005032024,19,1,0,1,1,1,1,1,1
2017-10-06,1960-01-01 17:47:00,1,3,1709021013,53,2,0,3,6,3,1,3,4
2017-10-06,1960-01-01 17:53:00,1,3,603009005,44,2,0,1,2,4,2,-1,-1
2017-10-06,1960-01-01 18:40:00,1,3,1709021014,59,2,0,1,8,3,3,3,3
2017-10-06,1960-01-01 19:17:00,1,3,1709021015,27,2,1,1,6,3,3,3,4
2017-10-07,1960-01-01 12:17:00,1,3,907026019,36,2,0,3,5,3,3,3,4
2017-10-07,1960-01-01 15:46:00,1,3,502027003,78,2,0,3,6,1,1,1,3
2017-10-07,1960-01-01 15:54:00,1,3,603003002,68,2,1,1,2,3,3,3,3
2017-10-07,1960-01-01 16:55:00,1,3,603003003,81,2,1,1,-2,2,2,2,3
2017-10-07,1960-01-01 17:20:00,1,3,1709001015,59,2,0,3,2,4,2,4,3
2017-10-07,1960-01-01 17:28:00,1,3,101022004,57,2,1,3,4,3,3,3,3
2017-10-07,1960-01-01 18:06:00,1,3,101022005,40,2,0,2,3,3,2,3,3
2017-10-07,1960-01-01 18:12:00,1,3,1709001020,31,2,0,3,2,2,2,2,3
2017-10-07,1960-01-01 18:44:00,1,3,101022006,80,2,1,3,1,3,4,3,3
2017-10-07,1960-01-01 19:42:00,1,3,603003009,22,1,0,3,1,3,4,4,4
2017-10-08,1960-01-01 11:13:00,1,3,2010023012,44,2,1,3,2,2,2,2,4
2017-10-08,1960-01-01 12:15:00,1,3,701036001,70,2,0,1,8,5,3,4,5
2017-10-08,1960-01-01 13:34:00,1,3,701036002,66,2,0,3,4,4,3,4,4
2017-10-08,1960-01-01 14:09:00,1,3,1005077006,25,1,1,1,1,4,3,3,3
2017-10-08,1960-01-01 14:10:00,1,3,101022008,55,2,0,1,1,2,1,1,3
2017-10-08,1960-01-01 14:22:00,1,3,701036005,52,1,1,1,3,-1,4,3,-1
2017-10-08,1960-01-01 14:51:00,1,3,1005077007,18,1,0,3,1,1,1,1,4
2017-10-08,1960-01-01 15:04:00,1,3,701036007,66,1,0,1,3,2,1,3,4
2017-10-08,1960-01-01 15:17:00,1,3,101022014,60,2,0,2,5,3,3,3,3
2017-10-08,1960-01-01 15:39:00,1,3,701036008,84,2,0,2,8,-1,3,3,4
2017-10-08,1960-01-01 15:49:00,1,3,603009006,21,2,0,1,2,4,1,1,2
2017-10-08,1960-01-01 15:57:00,1,3,1005077011,80,1,0,3,8,3,3,3,3
2017-10-08,1960-01-01 16:05:00,1,3,101022016,63,2,1,3,2,3,2,3,4
2017-10-08,1960-01-01 16:18:00,1,3,701036009,76,2,0,2,8,-1,2,3,4
2017-10-08,1960-01-01 16:48:00,1,3,603009018,38,2,1,1,2,3,3,3,3
2017-10-08,1960-01-01 16:48:00,1,3,1005077018,55,2,1,1,2,2,2,2,2
2017-10-08,1960-01-01 16:50:00,1,3,101022017,26,2,0,2,2,3,2,2,2
2017-10-08,1960-01-01 17:13:00,1,3,701036011,32,2,1,3,4,4,3,3,1
2017-10-08,1960-01-01 17:24:00,1,3,1005077020,53,2,0,2,2,2,3,3,4
2017-10-08,1960-01-01 17:28:00,1,3,101022020,55,2,0,3,8,3,3,3,3
2017-10-08,1960-01-01 17:58:00,1,3,701036012,67,1,1,1,2,1,2,2,4
2017-10-08,1960-01-01 18:10:00,1,3,1005077024,49,1,1,3,2,2,2,1,4
2017-10-08,1960-01-01 18:50:00,1,3,701036015,86,2,0,3,8,3,1,3,3
2017-10-09,1960-01-01 12:59:00,1,3,603003016,49,1,1,1,2,3,3,3,3
2017-10-09,1960-01-01 14:22:00,1,3,1005030018,71,1,0,3,6,3,3,3,3
2017-10-09,1960-01-01 15:15:00,1,3,101022022,64,1,0,2,4,3,2,3,3
2017-10-09,1960-01-01 15:30:00,1,3,1709021020,42,1,1,3,4,2,2,2,3
2017-10-09,1960-01-01 16:01:00,1,3,101022024,41,2,0,3,2,2,3,3,2
2017-10-09,1960-01-01 17:37:00,1,3,101022010,57,2,1,2,8,3,3,3,4
2017-10-09,1960-01-01 17:47:00,1,3,1106004017,20,1,0,4,2,-1,1,-1,-1
2017-10-09,1960-01-01 18:01:00,1,3,1709018023,43,2,0,3,4,-1,3,3,4
2017-10-09,1960-01-01 19:17:00,1,3,1709018022,47,2,1,4,6,3,3,3,4
